가게명,카테고리,지번주소,도로명주소,전화번호,lon,lat,카카오_url,검색어,tm_x,tm_y,상권_코드,상권_코드_명,nearest_dist_m
다심헌,음식점 > 카페 > 전통찻집,서울 종로구 옥인동 104,서울 종로구 옥인길 8,02-537-9948,126.96806077211444,37.58065208276528,http://place.map.kakao.com/16557435,청운효자동 찻집,197178.79999998363,453456.0000006781,3110008,배화여자대학교(박노수미술관),93.83837194201696
전통문화원,음식점 > 카페 > 전통찻집,서울 종로구 통인동 111,서울 종로구 자하문로 51,02-722-8254,126.970886578474,37.5805302783619,http://place.map.kakao.com/11377187,청운효자동 찻집,197428.40000000605,453442.4000006825,3130001,통인시장,77.68088562784985
호전다실,음식점 > 카페 > 전통찻집,서울 종로구 통인동 130,서울 종로구 자하문로11길 16-2,02-722-1007,126.970443079391,37.579798561157,http://place.map.kakao.com/1826221826,청운효자동 찻집,197389.1999999897,453361.2000006784,3130001,통인시장,95.75009075762324
서울서둘째로잘하는집,음식점 > 카페 > 전통찻집,서울 종로구 삼청동 28-21,서울 종로구 삼청로 122-1,02-734-5302,126.9818338546895,37.5862501745141,http://place.map.kakao.com/7941905,청운효자동 찻집,198395.49999998917,454077.0000006692,3120005,삼청동,313.5733572994297
연경당,음식점 > 카페 > 전통찻집,서울 종로구 팔판동 39,서울 종로구 팔판길 26,0507-1346-9587,126.98126292037544,37.58295245025109,http://place.map.kakao.com/1720131109,청운효자동 찻집,198344.99999999988,453711.00000001735,3120005,삼청동,62.641839036815504
차마시는뜰 차뜰,음식점 > 카페 > 전통찻집,서울 종로구 삼청동 35-169,서울 종로구 북촌로11나길 26,02-722-7006,126.98226506208036,37.582155225838505,http://place.map.kakao.com/2047830907,청운효자동 찻집,198433.49999998944,453622.5000006758,3120005,삼청동,182.741620319636
다담찻집,음식점 > 카페 > 전통찻집,서울 종로구 화동 40-1,서울 종로구 삼청로 76,070-4140-2252,126.981854099593,37.5821407474772,http://place.map.kakao.com/309966512,청운효자동 찻집,198397.1999999741,453620.9000000136,3120005,삼청동,165.70470721221687
다연,음식점 > 카페 > 전통찻집,서울 종로구 소격동 61,서울 종로구 삼청로 48-12,,126.98057296221528,37.58043856653446,http://place.map.kakao.com/1922722948,청운효자동 찻집,198283.9999999896,453432.0000006773,3120005,삼청동,341.7162558932786
동양차문화관,음식점 > 카페 > 전통찻집,서울 종로구 삼청동 35-91,서울 종로구 북촌로11길 76,,126.983592684909,37.5838628003638,http://place.map.kakao.com/844782189,청운효자동 찻집,198550.7999999613,453812.0000006744,3110017,정독도서관,43.278632651085246
월하보이,음식점 > 카페 > 전통찻집,서울 종로구 화동 118-2,서울 종로구 북촌로5길 26,0507-1349-2340,126.983561939184,37.5795200068365,http://place.map.kakao.com/1278859863,청운효자동 찻집,198548.0000000263,453330.0000006831,3120007,북촌(안국역),197.10149680935896
금정헌,음식점 > 카페 > 전통찻집,서울 종로구 가회동 31-22,서울 종로구 북촌로11길 32,02-763-2977,126.983697187403,37.5822878783646,http://place.map.kakao.com/1314617647,청운효자동 찻집,198560.0000000056,453637.2000006778,3110017,정독도서관,145.32528962578172
차향기듣는집,음식점 > 카페 > 전통찻집,서울 종로구 화동 106-2,서울 종로구 북촌로5길 29,02-720-9691,126.983149897003,37.5793361459711,http://place.map.kakao.com/7873707,청운효자동 찻집,198511.60000000324,453309.6000006787,3120007,북촌(안국역),230.2357922329179
티솔로지,음식점 > 카페 > 전통찻집,서울 종로구 화동 126,서울 종로구 윤보선길 71,02-6212-0250,126.983346912842,37.5791956188603,http://place.map.kakao.com/933374911,청운효자동 찻집,198529.000000016,453294.0000000133,3120007,북촌(안국역),212.03773247545237
터틀도브,음식점 > 카페,서울 종로구 필운동 124-1,서울 종로구 사직로9가길 13,0503-7152-4276,126.968746154634,37.5768599822792,http://place.map.kakao.com/329388840,청운효자동 찻집,197239.19999999725,453035.1000000157,3130002,세종마을음식문화거리(금천교시장),183.8707426459472
전통찻집덕수궁,음식점 > 카페 > 전통찻집,서울 중구 서소문동 53-6,서울 중구 서소문로 109,02-773-0885,126.97325215264,37.5630551367495,http://place.map.kakao.com/13566339,독립문역 찻집,197636.7999999754,451502.8000007074,3120020,시청역_1번,166.49047971460485
서울에서 첫번째로잘하는 전통찻집,음식점 > 카페 > 전통찻집,서울 중구 태평로1가 25,서울 중구 세종대로 124,,126.977886902592,37.5674601648644,http://place.map.kakao.com/15794175,독립문역 찻집,198046.39999996664,451991.6000006955,3120023,서울시청,63.453289213279234
코레아노,음식점 > 카페 > 전통찻집,서울 중구 중림동 200,서울 중구 중림로 10,070-7778-8869,126.96598209895836,37.55849422210736,http://place.map.kakao.com/1107807630,독립문역 찻집,196994.29999998127,450996.800000716,3120018,중림동,185.6801816197499
서울에서첫번째전통찻집,음식점 > 카페 > 전통찻집,서울 종로구 청진동 146,서울 종로구 종로 19,02-2075-7030,126.979914362749,37.5709311619802,http://place.map.kakao.com/12684354,독립문역 찻집,198225.6000000009,452376.8000006963,3120006,종각역,322.3789696699723
한옥찻집,음식점 > 카페 > 전통찻집,서울 종로구 관훈동 64,서울 종로구 인사동12길 9,,126.984864848692,37.5745944450705,http://place.map.kakao.com/1154343797,배화여자대학교 찻집,198663.0000000173,452783.3000006851,3120008,인사동,82.73868565211022
전통찻집지대방,음식점 > 카페 > 전통찻집,서울 종로구 관훈동 196-6,서울 종로구 인사동길 33,02-738-5379,126.98554993689189,37.57348630732058,http://place.map.kakao.com/12611451,배화여자대학교 찻집,198723.4999999915,452660.3000006886,3120008,인사동,54.709596372133454
반짝반짝빛나는,음식점 > 카페 > 전통찻집,서울 종로구 관훈동 6-1,서울 종로구 인사동길 28-1,02-738-4525,126.986062774614,37.573278239159016,http://place.map.kakao.com/21356316,배화여자대학교 찻집,198768.7999999924,452637.2000006911,3120008,인사동,101.57991879503597
경인미술관 전통다원,음식점 > 카페 > 전통찻집,서울 종로구 관훈동 30-1,서울 종로구 인사동10길 11-4,02-733-4448,126.98544221019,37.5744422495732,http://place.map.kakao.com/21233626,배화여자대학교 찻집,198713.99999995192,452766.400000692,3120008,인사동,62.36473426851187
즐거운찻집,음식점 > 카페 > 전통찻집,서울 종로구 관훈동 146-2,서울 종로구 인사동길 55-2,,126.983581056988,37.5749465624177,http://place.map.kakao.com/1412260445,배화여자대학교 찻집,198549.6000000201,452822.4000006879,3120008,인사동,185.62952392585424
전통찻집 인사동,음식점 > 카페 > 전통찻집,서울 종로구 관훈동 196-5,서울 종로구 인사동길 33-1,02-723-4909,126.9854423883843,37.57352683887668,http://place.map.kakao.com/20056529,배화여자대학교 찻집,198713.99999999243,452664.8000006899,3120008,인사동,46.28001665387437
신옛찻집,음식점 > 카페 > 전통찻집,서울 종로구 관훈동 164,서울 종로구 인사동길 47-8,02-732-5257,126.983907231673,37.5742474354404,http://place.map.kakao.com/8414730,배화여자대학교 찻집,198578.4000000109,452744.80000069167,3120008,인사동,122.5740594487532
보이차전문점 명가원,음식점 > 카페 > 전통찻집,서울 종로구 안국동 175-56,서울 종로구 윤보선길 19-18,02-736-5705,126.983545436749,37.5773432027457,http://place.map.kakao.com/1269904775,배화여자대학교 찻집,198546.4999999512,453088.400000689,3120007,북촌(안국역),280.1299872223075
나무새찻집,음식점 > 카페 > 전통찻집,서울 종로구 관훈동 173,서울 종로구 인사동길 47-9,,126.984038560759,37.5741771756783,http://place.map.kakao.com/1740702672,배화여자대학교 찻집,198589.99999997855,452737.0000006893,3120008,인사동,109.20164854916796
이원전통찻집,음식점 > 카페 > 전통찻집,서울 종로구 청진동 2-2,서울 종로구 삼봉로 60,,126.980425659419,37.5722791366222,http://place.map.kakao.com/1535993532,배화여자대학교 찻집,198270.8000000181,452526.4000006981,3120004,종로구청,211.0720249464344
도채비도반한찻집,음식점 > 카페 > 전통찻집,서울 종로구 관훈동 185,서울 종로구 인사동길 45,02-720-5387,126.984423443888,37.5741898410164,http://place.map.kakao.com/16042280,배화여자대학교 찻집,198624.00000002715,452738.400000692,3120008,인사동,77.6334981795735
인티맥스 휴다인,음식점 > 카페 > 전통찻집,서울 종로구 견지동 19,서울 종로구 우정국로 65-6,02-3210-0118,126.982426382768,37.5749680200468,http://place.map.kakao.com/15247695,배화여자대학교 찻집,198447.5999999564,452824.8000006877,3120004,종로구청,151.68190439704014
수요일,음식점 > 카페 > 전통찻집,서울 종로구 관훈동 23,서울 종로구 인사동길 36,02-723-0191,126.9854151675,37.5737971339721,http://place.map.kakao.com/7957823,배화여자대학교 찻집,198711.59999994864,452694.8000006885,3120008,인사동,20.60097040177268
일광정사,음식점 > 카페 > 전통찻집,서울 종로구 견지동 81,서울 종로구 인사동11길 22,02-733-2325,126.983540540338,37.573872571052,http://place.map.kakao.com/19322273,배화여자대학교 찻집,198546.0000000323,452703.200000684,3120008,인사동,149.0484484494052
머무름,음식점 > 카페 > 전통찻집,서울 종로구 관훈동 66,서울 종로구 인사동12길 5,,126.98475393117,37.5744926183951,http://place.map.kakao.com/136174693,배화여자대학교 찻집,198653.2000000074,452772.0000006878,3120008,인사동,77.28026972515461
보성전통찻집,음식점 > 카페 > 전통찻집,서울 종로구 공평동 130-1,서울 종로구 종로7길 47,,126.982789383446,37.5717028680163,http://place.map.kakao.com/252651837,배화여자대학교 찻집,198479.59999998423,452462.40000069526,3120006,종각역,160.06411280149354
차차티클럽 북촌라운지,음식점 > 카페 > 전통찻집,서울 종로구 계동 15-6,서울 종로구 계동길 103-7,070-4184-4758,126.986302312897,37.581895376215,http://place.map.kakao.com/224544670,배화여자대학교 찻집,198790.099999982,453593.6000006808,3110018,중앙고등학교,133.87819042729552
꽃담 인사동본점,음식점 > 카페 > 전통찻집,서울 종로구 인사동 168,서울 종로구 인사동길 19-2,02-730-4120,126.986325511411,37.572665593314,http://place.map.kakao.com/204990635,배화여자대학교 찻집,198791.9999999737,452569.2000006961,3130004,낙원시장(낙원지하시장(대일상가)),138.50357392801516
흐린세상건너기,음식점 > 카페 > 전통찻집,서울 종로구 관훈동 84-20,서울 종로구 인사동14길 20,,126.985188551843,37.5748746954755,http://place.map.kakao.com/10962703,배화여자대학교 찻집,198691.5999999714,452814.4000006895,3120008,인사동,107.45380471764416
인산인해,음식점 > 카페 > 전통찻집,서울 종로구 인사동 182-1,서울 종로구 인사동길 27-1,,126.985940548743,37.5731160455798,http://place.map.kakao.com/15682271,배화여자대학교 찻집,198758.00000001263,452619.200000688,3120008,인사동,108.06405452686076
사람과나무,음식점 > 카페 > 전통찻집,서울 종로구 관훈동 5,서울 종로구 인사동6길 5,,126.98621217779186,37.57339358405024,http://place.map.kakao.com/1746689300,배화여자대학교 찻집,198781.99999999185,452650.0000006884,3120008,인사동,104.00961455607612
풍경이있는전통찻집커피,음식점 > 카페 > 전통찻집,서울 종로구 관훈동 197-4,서울 종로구 인사동길 29,,126.985808079336,37.57324937697804,http://place.map.kakao.com/25036504,배화여자대학교 찻집,198746.2999999892,452634.00000069017,3120008,인사동,89.2226983346919
끽다거,음식점 > 카페 > 전통찻집,서울 종로구 계동 115-1,서울 종로구 북촌로4길 27,02-733-9746,126.98664692344546,37.57942128676985,http://place.map.kakao.com/8820159,배화여자대학교 찻집,198820.4999999989,453319.0000000184,3120007,북촌(안국역),84.62416912972093
바람부는섬,음식점 > 카페 > 전통찻집,서울 종로구 인사동 30-1,서울 종로구 인사동길 20,,126.986764751256,37.5725178801925,http://place.map.kakao.com/12447627,배화여자대학교 찻집,198830.7999999977,452552.8000006945,3130004,낙원시장(낙원지하시장(대일상가)),103.1304027010824
한경헌,음식점 > 카페 > 전통찻집,서울 종로구 가회동 11-61,서울 종로구 창덕궁길 170,02-742-7769,126.986577185881,37.5832072543151,http://place.map.kakao.com/21911252,배화여자대학교 찻집,198814.39999996903,453739.2000006756,3110018,중앙고등학교,84.41919254957057
청호다원,음식점 > 카페 > 전통찻집,서울 종로구 견지동 74-8,서울 종로구 우정국로 58,,126.983132944375,37.5741896636862,http://place.map.kakao.com/658998228,배화여자대학교 찻집,198509.99999997023,452738.4000006912,3120004,종로구청,180.2452773369872
로댕찻집,음식점 > 카페 > 전통찻집,서울 종로구 관훈동 107-1,서울 종로구 인사동16길 8-4,02-734-0414,126.984536456315,37.5751052664883,http://place.map.kakao.com/25043563,배화여자대학교 찻집,198634.00000003143,452840.0000006919,3120008,인사동,146.32156430347007
편강율플래그십&티하우스,음식점 > 카페,서울 종로구 소격동 25-1,서울 종로구 북촌로5가길 35-4,070-8844-0998,126.98121811311,37.5810468417353,http://place.map.kakao.com/188885145,청운효자동 티하우스,198340.99999996668,453499.5000006835,3120005,삼청동,271.8607173313944
로네펠트티하우스 광화문점,음식점 > 카페,서울 종로구 신문로1가 115,서울 종로구 새문안로 76,02-6744-0193,126.97332556672318,37.56984145474987,http://place.map.kakao.com/1529320134,독립문역 티하우스,197643.49999999936,452256.00000001816,3120003,광화문역,261.44263231457137
티하우스일지,음식점 > 카페,서울 종로구 안국동 56,서울 종로구 윤보선길 38,0502-5551-1200,126.983834035177,37.5777045413115,http://place.map.kakao.com/1663323452,배화여자대학교 티하우스,198571.99999998213,453128.5000000121,3120007,북촌(안국역),233.75895705223397
티하우스 일지,음식점 > 카페,서울 종로구 견지동 68-1,서울 종로구 인사동11길 23,,126.983427383431,37.5736725343622,http://place.map.kakao.com/1830989544,배화여자대학교 티하우스,198535.999999985,452681.0000000171,3120008,인사동,161.111762462821
룩아워티with 한삼인카페 서대문점,음식점 > 카페,서울 중구 충정로1가 85,서울 중구 통일로 120,02-733-0132,126.967546419867,37.5658576064926,http://place.map.kakao.com/445054748,독립문역 티카페,197132.80000002583,451814.0000007078,3120001,서대문역,157.70364573412348
청운다원,음식점 > 카페 > 전통찻집,서울 종로구 관훈동 197-24,서울 종로구 인사동7길 6,,126.985782058343,37.573170086294,http://place.map.kakao.com/1871608973,배화여자대학교 다원,198743.99999999435,452625.2000006878,3120008,인사동,95.35323742235332
란비,음식점 > 카페,서울 서대문구 홍제동 330-116,서울 서대문구 통일로39가길 31,070-4099-4135,126.94250113312154,37.58932887360587,http://place.map.kakao.com/67753695,홍제역 찻집,194921.6999999989,454420.1000000193,3110521,홍제역 4번,93.15846716000108
카페커퍼티,음식점 > 카페,서울 서대문구 남가좌동 322-21,서울 서대문구 명지대길 29,0507-1855-5180,126.9244812909789,37.58162604315908,http://place.map.kakao.com/1789961089,홍제역 티카페,193329.500000001,453566.3000000189,3110503,명지대학교교회,141.2881452770411
수연산방,음식점 > 카페 > 전통찻집,서울 성북구 성북동 248,서울 성북구 성북로26길 8,02-764-1736,126.99483655959386,37.59507217364634,http://place.map.kakao.com/7940056,평창동 찻집,199543.99999999817,455056.0000006557,3110281,길상사,281.341428946633
다음,음식점 > 카페 > 전통찻집,서울 성북구 성북동 297-1,서울 성북구 성북로26길 35,02-765-0706,126.9935660310772,37.59565775572466,http://place.map.kakao.com/547363970,평창동 찻집,199431.7999999957,455121.0000006535,3110281,길상사,212.6443973598277
다원,음식점 > 카페,서울 성북구 성북동 330-115,서울 성북구 대사관로 3,02-765-3000,126.984142356361,37.5971759372676,http://place.map.kakao.com/18845708,평창동 다원,198599.60000000155,455289.60000064847,3110280,북정마을,695.1636645963043
다라니다원,음식점 > 카페,서울 성북구 성북동 321-3,서울 성북구 선잠로5길 68,,126.9934865102228,37.59860489378696,http://place.map.kakao.com/1004261191,평창동 다원,199424.7999999991,455448.1000000175,3110281,길상사,129.63892164107745
사모,음식점 > 카페 > 전통찻집,서울 종로구 원서동 55,서울 종로구 창덕궁길 106-1,,126.989577528255,37.5822380883867,http://place.map.kakao.com/136221125,가회동 찻집,199079.3999999919,453631.60000067786,3110018,중앙고등학교,204.89880409032455
심우방,음식점 > 카페 > 전통찻집,서울 종로구 관훈동 70,서울 종로구 인사동12길 1,,126.984532064606,37.5744457378074,http://place.map.kakao.com/7984617,가회동 찻집,198633.5999999734,452766.8000006869,3120008,인사동,85.70880984717238
뜰안,음식점 > 카페 > 전통찻집,서울 종로구 익선동 166-76,서울 종로구 수표로28길 17-35,02-745-7420,126.9893817511,37.5736822300454,http://place.map.kakao.com/7858535,가회동 찻집,199062.00000002445,452682.00000068697,3130004,낙원시장(낙원지하시장(대일상가)),166.20770182281373
명장지가,음식점 > 카페 > 전통찻집,서울 종로구 경운동 66-5,서울 종로구 인사동10길 23,,126.98629348168802,37.5744874012164,http://place.map.kakao.com/746368716,가회동 찻집,198789.19999999172,452771.4000006883,3120008,인사동,114.10959682297424
지유명차 종로점,음식점 > 카페 > 전통찻집,서울 종로구 와룡동 151-2,서울 종로구 돈화문로 79,02-762-5634,126.99048861685668,37.57556540335334,http://place.map.kakao.com/10774084,가회동 찻집,199159.79999999487,452891.000000688,3110019,창덕궁,71.37114229486926
민들레전통찻집,음식점 > 카페 > 전통찻집,서울 종로구 관훈동 192-36,서울 종로구 인사동길 37-3,02-733-5500,126.9850121982444,37.57366373625709,http://place.map.kakao.com/425879322,가회동 찻집,198676.00000000137,452680.00000001927,3120008,인사동,33.01514802189469
초당다실,음식점 > 카페 > 전통찻집,서울 종로구 관훈동 177,서울 종로구 인사동11길 16,,126.983893712656,37.5739446993497,http://place.map.kakao.com/10841305,가회동 찻집,198577.19999996736,452711.2000006944,3120008,인사동,117.87484894379875
오가다 종로2가인사동점,음식점 > 카페 > 전통찻집 > 오가다,서울 종로구 인사동 137-2,서울 종로구 인사동길 9,02-736-6923,126.98686699829813,37.57171276239972,http://place.map.kakao.com/760212521,광화문역 찻집,198839.81999999328,452463.44000069273,3130004,낙원시장(낙원지하시장(대일상가)),148.1647253509965
내마음의풍경,음식점 > 카페 > 전통찻집,서울 종로구 인사동 154-10,서울 종로구 인사동길 15-11,0507-1344-5917,126.986070924003,37.5720682038319,http://place.map.kakao.com/770745825,광화문역 찻집,198769.50000000733,452502.90000068943,3130004,낙원시장(낙원지하시장(대일상가)),178.4933048883235
의전방,음식점 > 카페 > 전통찻집,서울 종로구 수송동 58,서울 종로구 삼봉로 81,,126.981829293242,37.5724091042983,http://place.map.kakao.com/15403732,광화문역 찻집,198394.7999999541,452540.8000006948,3120004,종로구청,199.04341167827272
다인,음식점 > 카페 > 전통찻집,서울 중구 북창동 11-4,서울 중구 세종대로18길 16-3,,126.978190278457,37.5635003434677,http://place.map.kakao.com/1792368718,광화문역 찻집,198073.0999999524,451552.1000007117,3120022,북창동(시청역_6번),71.64649378029391
로네펠트 티하우스 동대문점,음식점 > 카페,서울 중구 을지로5가 92-2,서울 중구 을지로 224,0502-5553-0765,127.0028750342908,37.56666391845504,http://place.map.kakao.com/107164111,가회동 티하우스,200253.99999999697,451903.0000000197,3130036,중부시장(신중부시장),258.4898450677822
슬로운,음식점 > 카페,서울 종로구 권농동 133,서울 종로구 율곡로10길 15-5,0507-1483-3692,126.991259388963,37.5768124392837,http://place.map.kakao.com/1751396392,가회동 티하우스,199227.89999997884,453029.4000006854,3110019,창덕궁,103.56819078025264
티카페 서울대학교병원 암병원점,음식점 > 카페,서울 종로구 연건동 28-21,서울 종로구 대학로 101,,126.997673561578,37.5787913232575,http://place.map.kakao.com/2140251653,가회동 티카페,199794.5000000228,453249.0000000207,3110023,서울대병원,344.8713528021972
티카페,음식점 > 카페,서울 종로구 연건동 128,서울 종로구 대학로 71,,127.00151471127184,37.57775969815928,http://place.map.kakao.com/21547733,가회동 티카페,200133.8,453134.5000000176,3110023,서울대병원,130.60356042394892
종묘전통다원,음식점 > 카페,서울 종로구 봉익동 38-4,서울 종로구 서순라길 39,02-2263-1416,126.993420883264,37.5722913880274,http://place.map.kakao.com/2069498835,가회동 다원,199418.80000001847,452527.60000069125,3120009,종로3가역,250.93624709575028
더쌍화 본사,음식점 > 카페 > 전통찻집,서울 종로구 종로5가 265-18,서울 종로구 종로 252-16,070-5101-7755,127.0057277313081,37.57059215546308,http://place.map.kakao.com/308983214,혜화역 찻집,200506.000000004,452339.0000006961,3130010,종로신진시장,60.53924383053216
문경새재,음식점 > 카페 > 전통찻집,서울 종로구 창신동 464-16,서울 종로구 종로46길 5,02-763-6407,127.010971081631,37.5712675310865,http://place.map.kakao.com/25745193,혜화역 찻집,200969.20000000895,452414.0000006972,3120016,동대문역,36.02277064489955
한옥카페 숙임당,음식점 > 카페 > 전통찻집,서울 성북구 보문동5가 252-7,서울 성북구 보문로13가길 34-1,0502-1946-6042,127.021027043294,37.5816176931423,http://place.map.kakao.com/1475056173,혜화역 찻집,201857.29999999836,453562.90000002267,3110302,보문역 8번,267.8770240048124
지유명차 인사점,음식점 > 카페 > 전통찻집,서울 종로구 인사동 43,서울 종로구 인사동길 12,02-736-5634,126.98724481352,37.5719449001715,http://place.map.kakao.com/10007786,종로3가역 찻집,198873.200000021,452489.2000006979,3130004,낙원시장(낙원지하시장(대일상가)),107.95128470507667
연화정,음식점 > 카페 > 전통찻집,서울 종로구 인사동 155,서울 종로구 인사동길 15-3,02-739-1811,126.986524838469,37.5721322271674,http://place.map.kakao.com/15897086,종로3가역 찻집,198809.59999998845,452510.0000006908,3130004,낙원시장(낙원지하시장(대일상가)),139.77539091229917
성차사진품보이차,음식점 > 카페 > 전통찻집,서울 종로구 인사동 147,서울 종로구 인사동길 11-1,02-966-5284,126.9866811022754,37.571852936411055,http://place.map.kakao.com/1249347313,종로3가역 찻집,198823.4,452479.0000000188,3130004,낙원시장(낙원지하시장(대일상가)),147.53833398869466
푸얼방장,음식점 > 카페 > 전통찻집,서울 종로구 인사동 16-2,서울 종로구 인사동4길 6,02-720-0720,126.9866605103,37.5730656734109,http://place.map.kakao.com/8642836,종로3가역 찻집,198821.59999995944,452613.60000069,3130004,낙원시장(낙원지하시장(대일상가)),113.19593656036432
이원전통찻집,음식점 > 카페 > 전통찻집,서울 종로구 인사동 220-2,서울 종로구 종로11길 29,02-730-9711,126.985551440529,37.5715626831259,http://place.map.kakao.com/21392435,종로3가역 찻집,198723.60000000396,452446.8000006905,3120006,종각역,224.38761147497976
다정차끓이는솥,음식점 > 카페 > 전통찻집,서울 종로구 인사동 178-2,서울 종로구 인사동5길 3,02-332-1542,126.98599494080104,37.572816921719024,http://place.map.kakao.com/1444274349,종로3가역 찻집,198762.7999999906,452586.000000692,3120008,인사동,138.70054012607997
차향가,음식점 > 카페 > 전통찻집,서울 종로구 인사동 181-1,서울 종로구 인사동길 25,02-739-7300,126.986062821628,37.5730259605843,http://place.map.kakao.com/9435926,종로3가역 찻집,198768.79999999597,452609.200000696,3120008,인사동,122.52052833413197
궁전전통찻집,음식점 > 카페 > 전통찻집,서울 은평구 대조동 9-12,서울 은평구 불광로 25-1,,126.928581178989,37.6107774630865,http://place.map.kakao.com/330579530,불광역 찻집,193694.10000000137,456801.500000625,3130170,제일시장,106.9516718333942
수무카,음식점 > 카페 > 전통찻집,서울 중구 중림동 69-9,서울 중구 청파로 437,,126.969034453818,37.5586266076669,http://place.map.kakao.com/1752228511,무악동 찻집,197264.0000000013,451011.4000000204,3120018,중림동,154.83074628889585
라오상하이 신촌점,음식점 > 카페 > 전통찻집,서울 서대문구 창천동 2-7,서울 서대문구 연세로12길 27,02-715-1542,126.93850426397204,37.559091280804665,http://place.map.kakao.com/15718891,무악동 찻집,194566.49999996592,451064.3000007144,3110520,경의중앙 신촌역,239.58785491046456
숭례문전통찻집,음식점 > 카페 > 전통찻집,서울 중구 남창동 34-69,서울 중구 남대문시장길 12-7,02-772-9077,126.97678565031,37.5598384251471,http://place.map.kakao.com/938335062,무악동 찻집,197948.90000003212,451145.700000015,3130022,숭례문수입상가(남대문시장),71.57443681184795
다도레 티룸,음식점 > 카페 > 전통찻집,서울 서대문구 연희동 133-30,서울 서대문구 증가로 13-9,02-6407-0705,126.931114626045,37.5691324067676,http://place.map.kakao.com/1691885235,무악동 티룸,193914.39999994496,452179.2000007007,3130174,연희사러가,256.13199780064105
클로리스 신촌점,음식점 > 카페,서울 서대문구 창천동 13-35,서울 서대문구 연세로4길 38,02-392-7523,126.93874867003971,37.55778225913004,http://place.map.kakao.com/8122805,무악동 티카페,194587.9999999664,450919.0000007165,3110520,경의중앙 신촌역,169.00000003364403
민속찻집,음식점 > 카페 > 전통찻집,서울 중구 남창동 34-134,서울 중구 남대문시장길 22-14,02-778-7772,126.97707429269,37.5597294609205,http://place.map.kakao.com/15973023,교남동 찻집,197974.39999995736,451133.60000070906,3130024,남대문시장(자유상가),50.41150689674413
운비차실,음식점 > 카페 > 전통찻집,서울 중구 회현동1가 172-4,서울 중구 퇴계로6길 17,010-7367-8357,126.978550803325,37.5574772455228,http://place.map.kakao.com/104185466,교남동 찻집,198104.80000002537,450883.60000071325,3120024,회현역,42.1900464596182
보이차,음식점 > 카페 > 전통찻집,서울 종로구 견지동 110-43,서울 종로구 우정국로 43,02-737-8407,126.98276874875148,37.57282730684326,http://place.map.kakao.com/613772061,교남동 찻집,198477.79999999303,452587.2000006908,3120004,종로구청,204.82206864019545
티룸 로제티,음식점 > 카페,서울 용산구 후암동 303-2,서울 용산구 후암로28바길 3,02-6494-1742,126.98017371338898,37.54908383217298,http://place.map.kakao.com/1137453582,교남동 티룸,198247.9999999899,449952.00000072905,3110079,후암동주민센터,142.0035204968435
세라젬카페오가다 왕십리점,음식점 > 카페 > 전통찻집 > 오가다,서울 중구 황학동 1104,서울 중구 마장로 119,,127.02321803571586,37.56806902585513,http://place.map.kakao.com/564790227,숭인2동 찻집,202051.2000000118,452059.2000007005,3130055,"황학시장(서울중앙시장, 신중앙시장)",183.68255258622332
선길,음식점 > 카페 > 전통찻집,서울 동대문구 용두동 127-7,서울 동대문구 천호대로16길 16,0503-7153-0782,127.031166256283,37.5731343926897,http://place.map.kakao.com/1855984600,숭인2동 찻집,202753.19999999995,452621.600000692,3110188,용두동신동아아파트,164.41046242819
참다정,음식점 > 카페 > 전통찻집,서울 동대문구 제기동 1082,서울 동대문구 약령중앙로 26,02-960-0360,127.0373098837282,37.580456793803535,http://place.map.kakao.com/423043631,숭인2동 찻집,203295.59999999663,453434.5000000179,3130087,경동광성상가(경동시장),175.7174151804264
지유명차 신당점,음식점 > 카페 > 전통찻집,서울 중구 신당동 403-43,서울 중구 청구로 95,010-5037-4749,127.0116441136108,37.56083573471791,http://place.map.kakao.com/11783523,숭인2동 찻집,201028.79999999976,451256.2000000189,3110053,청구역 1번,149.3609051777504
고호재,음식점 > 카페 > 전통찻집,서울 중구 필동2가 80-2,서울 중구 퇴계로36길 10,02-2266-9101,126.994592232018,37.5602199032118,http://place.map.kakao.com/651264224,숭인2동 찻집,199522.1999999696,451187.8000007096,3120032,충무로역,134.76676079690245
참좋은,음식점 > 카페 > 전통찻집,서울 중구 초동 54,서울 중구 마른내로2길 19,02-2273-3001,126.991984196121,37.56353722465157,http://place.map.kakao.com/328150468,숭인2동 찻집,199291.7999999931,451556.0000007072,3120030,중부경찰서(영화인의거리),169.5105899799675
차차티클럽 창신한옥,음식점 > 카페,서울 종로구 창신동 461-2,서울 종로구 종로46가길 13,070-4239-0713,127.01136497945254,37.57107828482447,http://place.map.kakao.com/1411540097,숭인2동 찻집,201004.0000000051,452393.00000069273,3120016,동대문역,17.02938567409334
엘마드레,음식점 > 카페,서울 성북구 성북동 183-4,서울 성북구 성북로8길 14,010-8654-5173,127.00455286754992,37.59104836899993,http://place.map.kakao.com/1703049395,숭인2동 찻집,200402.10000000143,454609.400000662,3110288,동구여중,66.3367921273312
에스프레소카페티,음식점 > 카페,서울 성동구 행당동 347,서울 성동구 행당로 75,,127.028556594514,37.5572631050728,http://place.map.kakao.com/14511332,숭인2동 티카페,202523.2000000481,450860.00000072,3110112,행당역 2번,333.81407948400346
정진보이차,음식점 > 카페 > 전통찻집,서울 종로구 견지동 68-18,서울 종로구 우정국로 52,010-4117-3893,126.98314439532508,37.57360942465669,http://place.map.kakao.com/1239607293,사직동 찻집,198511.0000000013,452674.0000000187,3120008,인사동,186.93581785809303
흙다방,음식점 > 카페 > 전통찻집,서울 중구 을지로2가 149-10,서울 중구 을지로 지하 88,02-6748-8000,126.986868880059,37.5661523585111,http://place.map.kakao.com/587969428,소공동 찻집,198839.8999999904,451846.3000006983,3120029,을지로2가,133.58330789024564
사랑채,음식점 > 카페 > 전통찻집,서울 중구 장교동 1,서울 중구 삼일대로 363,02-752-0887,126.9870509416448,37.56715518708459,http://place.map.kakao.com/109214681,소공동 찻집,198855.99999999127,451957.6000006998,3120029,을지로2가,238.24097108361175
예평,음식점 > 카페 > 전통찻집,서울 용산구 이태원동 227-28,서울 용산구 회나무로25길 1,010-5121-4990,126.9914458660238,37.53994274674658,http://place.map.kakao.com/1965953969,회현동 찻집,199243.99999999985,448937.3000000207,3110085,경리단길남측,132.27127430188352
티하우스일지 한남점,음식점 > 카페 > 전통찻집,서울 용산구 한남동 745-6,서울 용산구 이태원로45길 22,,126.9984397332,37.5365543842281,http://place.map.kakao.com/659721597,회현동 티하우스,199862.10000001467,448561.2000007471,3110091,리움미술관,41.25348396462832
델픽 안국플래그십스토어,"서비스,산업 > 식품 > 음료,주류제조 > 차,커피",서울 종로구 계동 133-6,서울 종로구 계동길 84-3,02-742-9147,126.9869692521386,37.58125034027411,http://place.map.kakao.com/1025005200,숭인1동 티카페,198848.9999999948,453522.00000067806,3110018,중앙고등학교,171.40595022496672
보성다원,"서비스,산업 > 식품 > 음료,주류제조 > 차,커피",서울 중구 필동2가 37-1,서울 중구 퇴계로 224,,126.996672430518,37.5615804853488,http://place.map.kakao.com/130459449,숭인1동 다원,199706.000000016,451338.8000007076,3120032,충무로역,154.27585693464022
오므오트,음식점 > 카페 > 전통찻집,서울 성동구 성수동1가 685-345,서울 성동구 서울숲2길 12,010-2425-9192,127.039945805106,37.5472226825663,http://place.map.kakao.com/427863656,황학동 찻집,203530.00000002605,449746.00000073086,3110120,서울숲카페거리,98.99999997395209
티룸,음식점 > 카페,서울 성동구 성수동1가 685-317,서울 성동구 서울숲길 52,,127.043205250676,37.5479351259773,http://place.map.kakao.com/137252852,황학동 티룸,203818.00000003245,449825.2000007329,3110120,서울숲카페거리,204.9234982337517
리브르 티하우스 성수,음식점 > 카페,서울 성동구 성수동1가 668-64,서울 성동구 서울숲4길 20,,127.043012447699,37.5471909713625,http://place.map.kakao.com/1245434322,황학동 티하우스,203801.00000000437,449742.6000000201,3110120,서울숲카페거리,172.03360137297292
지유명차 용산점,음식점 > 카페 > 전통찻집,서울 용산구 용문동 32-28,서울 용산구 새창로20길 3,0507-1320-9043,126.959455866271,37.5383242073277,http://place.map.kakao.com/1889234298,원효로2동 찻집,196416.70000000697,448758.40000075,3110060,효창공원앞역 6번,78.1527351644346
온넬,음식점 > 카페 > 전통찻집,서울 용산구 한강로3가 100,서울 용산구 한강대로 37,,126.963086633232,37.5248247953496,http://place.map.kakao.com/1962040935,원효로2동 찻집,196736.99999996257,447260.0000000197,3110062,한강로동땡땡거리(은행나무길),95.70788887158338
무심헌 용산점,음식점 > 카페 > 전통찻집,서울 용산구 한강로2가 113-2,서울 용산구 한강대로44길 10,02-6101-2125,126.9704126018484,37.53091042221498,http://place.map.kakao.com/1973316063,원효로2동 찻집,197384.79999998127,447935.2000007597,3110073,삼각지역 3번,196.86309951284343
다인전통찻집,음식점 > 카페 > 전통찻집,서울 마포구 대흥동 12-1,서울 마포구 신촌로 182,,126.945667012953,37.556443159523,http://place.map.kakao.com/213867029,원효로2동 찻집,195199.2000000021,450770.0000007135,3110582,이대역 5번,167.63006942809642
사랑방,음식점 > 카페 > 전통찻집,서울 영등포구 여의도동 35-2,서울 영등포구 국제금융로6길 30,,126.926574475482,37.521765955821,http://place.map.kakao.com/8343896,원효로2동 찻집,193509.1999999253,446922.4000007763,3120149,여의도역(여의도),105.44097798316749
지유명차 여의도점,음식점 > 카페 > 전통찻집,서울 영등포구 여의도동 36-2,서울 영등포구 국제금융로6길 33,010-7685-1707,126.9269148023,37.5207822719756,http://place.map.kakao.com/1611344386,원효로2동 찻집,193539.19999993537,446813.2000007799,3120149,여의도역(여의도),218.68671579151945
더느림카페,음식점 > 카페 > 전통찻집,서울 서대문구 대현동 54-28,서울 서대문구 이화여대2가길 19,,126.94606860879,37.5582561501111,http://place.map.kakao.com/966130598,원효로2동 찻집,195234.79999993305,450971.2000007206,3130179,"이화여대 3,5,7길 상점가",93.89398273312229
대현동전통찻집,음식점 > 카페 > 전통찻집,서울 서대문구 대현동 27-20,서울 서대문구 신촌역로 16,,126.943156720096,37.5580313368353,http://place.map.kakao.com/1704692758,원효로2동 찻집,194977.4999999746,450946.4000007144,3120096,"이화여대(이대역, 이대)",56.861321967124965
차향기,음식점 > 카페 > 전통찻집,서울 영등포구 여의도동 35-5,서울 영등포구 여의나루로 42,02-785-9181,126.924991155576,37.5213721237516,http://place.map.kakao.com/24484049,원효로2동 찻집,193369.19999994108,446878.8000007785,3120149,여의도역(여의도),183.25468558019008
박수진전통찻집,음식점 > 카페 > 전통찻집,서울 영등포구 여의도동 14-24,서울 영등포구 국회대로68길 11,,126.919686389764,37.5292091553224,http://place.map.kakao.com/581976470,원효로2동 찻집,192900.99999994293,447749.0000007664,3120148,국회의사당역(국회의사당),118.22859266059277
사유공간찻집,음식점 > 카페,서울 용산구 용산동6가 168-6,서울 용산구 서빙고로 137,02-749-6013,126.9818547006514,37.52364885686195,http://place.map.kakao.com/1254378703,원효로2동 찻집,198395.99999999057,447129.0000007718,3110078,이촌동점보아파트,681.1703171126248
티하우스레몬 신용산,음식점 > 카페,서울 용산구 한강로2가 422,서울 용산구 한강대로 95,02-798-9008,126.9674908159398,37.52970321313072,http://place.map.kakao.com/2137344875,원효로2동 티하우스,197126.4999999801,447801.3000007628,3120041,신용산역(용산역),375.7487725925414
오설록 티하우스 용산파크점,음식점 > 카페 > 오설록 티하우스,서울 용산구 한강로2가 424,서울 용산구 한강대로 100,070-5172-1170,126.9688489173758,37.52852957402794,http://place.map.kakao.com/1952344807,원효로2동 티하우스,197246.49999998303,447671.0000007639,3110073,삼각지역 3번,448.437564829089
산수화 티하우스,음식점 > 카페 > 전통찻집,서울 용산구 한남동 68-27,서울 용산구 한남대로20길 21-14,02-749-3138,127.008902085488,37.5353142821435,http://place.map.kakao.com/26965498,필동 티하우스,200786.80000001536,448423.6000007486,3110098,서울독일학교,186.42961102132213
팔공티 용산아이파크몰점,음식점 > 카페 > 팔공티,서울 용산구 한강로3가 40-999,서울 용산구 한강대로23길 55,,126.964322282747,37.5289418530856,http://place.map.kakao.com/1643221814,한강로동 티카페,196846.3999999582,447716.9000007627,3120041,신용산역(용산역),87.61261315237884
세라젬카페오가다 신사점,음식점 > 카페 > 전통찻집 > 오가다,서울 강남구 신사동 549-5,서울 강남구 압구정로 140,02-3445-0325,127.023996456712,37.5246371136363,http://place.map.kakao.com/108066694,이태원1동 찻집,202121.20000004963,447238.8000007669,3120188,압구정역,372.3942532085612
위긴티식스,음식점 > 카페,서울 용산구 이태원동 63-4,서울 용산구 이태원로14길 19,070-8869-2316,126.990794910744,37.5335302772141,http://place.map.kakao.com/2059596566,이태원1동 티카페,199186.39999995343,448225.600000753,3110082,용산구청,121.33144761766536
찻집 달리아,음식점 > 카페 > 전통찻집,서울 강남구 신사동 567-22,서울 강남구 압구정로28길 48,010-6327-7834,127.027444096515,37.5233677514146,http://place.map.kakao.com/2049545299,서빙고동 찻집,202426.00000003612,447098.0000007704,3120188,압구정역,239.63513856894028
지유명차 압구정점,음식점 > 카페 > 전통찻집,서울 강남구 신사동 583-3,서울 강남구 논현로 841,02-595-7555,127.0278799189602,37.52415152148452,http://place.map.kakao.com/806891065,서빙고동 찻집,202464.5000000161,447185.00000077125,3120188,압구정역,147.0450603530436
티하우스레몬 신반포점,음식점 > 카페,서울 서초구 반포동 19-4,서울 서초구 신반포로 194,02-595-6209,127.00705170846663,37.50606695004771,http://place.map.kakao.com/545511724,서빙고동 티하우스,200623.50000000044,445177.5000008014,3120167,고속터미널(고속터미널역),194.3669215181793
아도 티하우스 계영배점,음식점 > 카페 > 전통찻집,서울 강남구 신사동 616-6,서울 강남구 언주로173길 16,0507-1354-7490,127.0321634729324,37.528186921983256,http://place.map.kakao.com/901731227,응봉동 찻집,202842.99999999796,447633.0000000213,3120195,성수대교남단,210.850658057453
맥파이앤타이거 성수티룸,음식점 > 카페,서울 성동구 성수동2가 315-108,서울 성동구 성수이로 97,010-7431-5090,127.05658454691908,37.54364792526845,http://place.map.kakao.com/1492088819,응봉동 티룸,205000.5999999996,449350.0000000196,3120052,성수역,114.23992294967104
행복한뜨락,음식점 > 카페 > 전통찻집,서울 광진구 자양동 236,서울 광진구 동일로 56,010-9492-0450,127.0619251505675,37.53776892491227,http://place.map.kakao.com/604878835,성수1가2동 찻집,205473.0000000004,448697.8000000204,3130074,영동교골목시장,175.6520423965127
소로차실,음식점 > 카페 > 전통찻집,서울 강남구 청담동 119-8,서울 강남구 압구정로79길 8,,127.04776007676,37.5249596615398,http://place.map.kakao.com/1963987991,성수1가2동 찻집,204221.8000000408,447275.4000007705,3120208,청담사거리(청담동명품거리),15.178933512685406
티하우스 하다,음식점 > 카페,서울 강남구 청담동 16,서울 강남구 선릉로146길 54,,127.0440722846174,37.52138051126469,http://place.map.kakao.com/976913732,성수1가2동 티하우스,203896.0000000252,446878.000000776,3110976,언북초등학교,223.77890856281883
다루,음식점 > 카페 > 전통찻집,서울 광진구 중곡동 244-27,서울 광진구 능동로43길 38,010-2387-5675,127.079680751221,37.5617518638381,http://place.map.kakao.com/32633515,용답동 찻집,207040.00000005827,451360.80000070494,3110153,중곡1동주민센터,142.5083864236599
로해서울,음식점 > 카페 > 전통찻집,서울 강남구 삼성동 59-17,서울 강남구 영동대로129길 20,,127.055731917847,37.5185563467127,http://place.map.kakao.com/2131434744,성수2가1동 찻집,204926.8999999888,446565.1000000163,3110988,청담역 3번,134.09556293183078
지유명차 청담점,음식점 > 카페 > 전통찻집,서울 강남구 삼성동 1-4,서울 강남구 선릉로 670,02-517-5634,127.041748409823,37.5166889311328,http://place.map.kakao.com/18176517,성수2가1동 찻집,203690.79999999213,446357.2000007788,3120203,강남구청역,105.92015896492418
봉은사 연회다원,음식점 > 카페 > 전통찻집,서울 강남구 삼성동 73,서울 강남구 봉은사로 531,02-3218-4970,127.05728004208191,37.51500024649973,http://place.map.kakao.com/407185168,성수2가1동 찻집,205064.000000031,446170.5000007862,3110991,삼성중앙역 5번,298.401156915944
보이다원,음식점 > 카페 > 전통찻집,서울 강남구 삼성동 24-21,서울 강남구 삼성로115길 16-5,02-545-3983,127.05049101479,37.5149546894921,http://place.map.kakao.com/1457443107,성수2가1동 찻집,204463.7999999709,446165.1000000181,3110982,강남구보훈회관,64.28724598243201
토끼의시골집,음식점 > 카페,서울 광진구 자양동 598-8,서울 광진구 뚝섬로46길 39,0507-1485-0773,127.076629580381,37.5310325268049,http://place.map.kakao.com/1602893273,성수2가1동 티룸,206773.20000000144,447951.1000007556,3110151,자양한강도서관,41.54094344019641
티하우스 청담,음식점 > 카페,서울 강남구 삼성동 57-11,서울 강남구 삼성로120길 52-1,010-2734-4109,127.05462588419054,37.51890825465803,http://place.map.kakao.com/842804455,성수2가1동 티하우스,204829.10000002905,446604.10000077874,3110988,청담역 3번,75.7180302701225
녹원,음식점 > 카페 > 전통찻집,서울 동대문구 회기동 16-43,서울 동대문구 경희대로 14,02-6081-2018,127.05273793630664,37.592771985615606,http://place.map.kakao.com/8232347,청계천박물관 찻집,204657.60000002795,454802.00000066,3120064,경희대학교(경희대),38.68281323415349
행복전통차,음식점 > 카페 > 전통찻집,서울 송파구 신천동 7,서울 송파구 올림픽로35길 104,0502-5552-6915,127.103770483815,37.5200366940963,http://place.map.kakao.com/1253367354,자양2동 찻집,209173.499999981,446733.0000000159,3111011,잠실나루역,125.09296542305812
고호재 잠실 롯데월드몰점,음식점 > 카페 > 전통찻집,서울 송파구 신천동 29,서울 송파구 올림픽로 300,02-3213-4561,127.10448202125885,37.51355605203969,http://place.map.kakao.com/400486337,자양2동 찻집,209237.20000005575,446013.800000788,3120227,잠실역,288.0928321866317
로네펠트티하우스 코엑스점,음식점 > 카페,서울 강남구 삼성동 159,서울 강남구 영동대로 513,02-551-1823,127.05970168588811,37.51062827671764,http://place.map.kakao.com/26897614,자양2동 티하우스,205278.4000000332,445685.4000007927,3001496,강남 마이스 관광특구,50.72790079966048
티하우스일지 현대백화점무역센터점,음식점 > 카페 > 전통찻집,서울 강남구 삼성동 159-7,서울 강남구 테헤란로 517,,127.059799582126,37.5085766398773,http://place.map.kakao.com/318735925,자양4동 찻집,205287.20000002123,445457.7000000165,3001496,강남 마이스 관광특구,278.3485764128237
수잔라메종 티룸,음식점 > 카페,서울 강남구 삼성동 117-16,서울 강남구 봉은사로78길 8,,127.052660821745,37.512184055892,http://place.map.kakao.com/1586511568,자양4동 티룸,204655.80000002397,445857.7000000181,3120213,삼성중앙역,118.79616996317226
하루의에프터눈티,음식점 > 카페,서울 광진구 중곡동 69-18,서울 광진구 긴고랑로 153,,127.091985726576,37.5587741343468,http://place.map.kakao.com/577760983,중곡4동 티카페,208127.50000003,451031.3000007166,3110176,해오름공원,107.28438913222811
정성찻집,음식점 > 카페 > 전통찻집,서울 강동구 천호동 288-28,서울 강동구 상암로12길 9,02-470-9278,127.128483973837,37.5491759716047,http://place.map.kakao.com/1303524998,광장동 찻집,211353.8000000345,449969.8000007256,3130320,암사종합시장,198.7336904473182
티하우스,음식점 > 카페,서울 강동구 암사동 504-1,서울 강동구 상암로5길 77,010-2957-2932,127.1280968862,37.5537651732943,http://place.map.kakao.com/1242236586,광장동 티하우스,211318.90000002543,450479.1000007181,3111054,암사역 4번(삼성광나루아파트),23.58007574498541
카페티에드,음식점 > 카페 > 커피전문점,서울 강동구 천호동 409-50,서울 강동구 천호대로157길 52,02-475-0011,127.127986033872,37.5398980274511,http://place.map.kakao.com/868075887,광장동 티카페,211311.2000000963,448940.0000007411,3130318,로데오거리상점가,115.42200888304694
별찻집커피,음식점 > 카페,서울 중랑구 중화동 302-49,서울 중랑구 동일로123길 34,,127.078190509343,37.5978367569829,http://place.map.kakao.com/1564806108,회기역 찻집,206905.0000000353,455365.7000006512,3110245,KB국민은행 중화동지점,98.01372406661608
양원재,음식점 > 카페 > 전통찻집,서울 중랑구 중화동 450,서울 중랑구 동일로 752,010-7914-8809,127.08068681169964,37.59729538323916,http://place.map.kakao.com/194615257,회기동 찻집,207125.50000004345,455305.8000006512,3110245,KB국민은행 중화동지점,171.16275893350195
T&J카페,음식점 > 카페 > 전통찻집,서울 성북구 종암동 81-49,서울 성북구 종암로21길 89,02-925-2470,127.0316041238,37.602077765431,http://place.map.kakao.com/886857810,회기동 찻집,202790.8000000372,455834.0000006461,3110314,종암경찰서,124.91853397005416
티그라운드,음식점 > 카페,서울 동대문구 장안동 315-18,서울 동대문구 사가정로 272,02-6014-0770,127.0750785259166,37.579585573456704,http://place.map.kakao.com/27259173,장안2동 티카페,206631.8000000377,453339.80000068113,3110231,장안교,209.4642685946531
티하우스나니,음식점 > 카페 > 전통찻집,서울 중랑구 신내동 493-46,서울 중랑구 용마산로117길 26,02-433-2726,127.09883697749932,37.6003107103283,http://place.map.kakao.com/119112939,이문1동 찻집,208728.0000000533,455642.0000006461,3110273,장스여성병원,31.32091892318778
지유명차 미아점,음식점 > 카페 > 전통찻집,서울 강북구 미아동 197-19,서울 강북구 솔매로49길 8,,127.02687034896162,37.62676602561428,http://place.map.kakao.com/141289892,월곡1동 찻집,202372.0000000156,458574.00000060233,3120077,미아역,147.5567692434297
무위산방,음식점 > 카페 > 전통찻집,서울 성북구 정릉동 820-4,서울 성북구 보국문로 195,,126.999510684857,37.617532160889,http://place.map.kakao.com/1165866558,길상사 찻집,199956.7999999865,457548.80000062217,3110284,정릉북한산국립공원입구,125.0435118341646
마을찻집고운울림,음식점 > 카페,서울 강북구 수유동 498-16,서울 강북구 인수봉로 159,070-4119-4116,127.012167745227,37.6348773326851,http://place.map.kakao.com/897190632,정릉3동 찻집,201073.9999999892,459474.0000005864,3110344,화계중학교,231.8210522587726
마을찻집 마주이야기,음식점 > 카페,서울 강북구 수유동 435-50,서울 강북구 인수봉로55길 10,070-8615-6011,127.012304025716,37.6368666941643,http://place.map.kakao.com/1790001043,정릉4동 찻집,201085.9999999692,459694.80000058754,3110342,국립재활원,23.59745692698073
연화 전통찻집,음식점 > 카페 > 전통찻집,서울 강북구 수유동 254-27,서울 강북구 한천로 1130,,127.019172082958,37.6457197526496,http://place.map.kakao.com/2117800190,수유2동 찻집,201692.00000002573,460677.50000001554,3130133,우이골목시장(우이시장),97.4025153399808
다정도병인양,음식점 > 카페 > 전통찻집,서울 강북구 수유동 567-6,서울 강북구 4.19로 41-1,02-990-4190,127.009676852869,37.646977785907296,http://place.map.kakao.com/856213664,수유2동 찻집,200854.00000000448,460817.00000057113,3110339,국립4.19민주묘지,83.09632919942861
티하우스다드림,음식점 > 카페 > 전통찻집,서울 도봉구 창동 338,서울 도봉구 노해로 341,010-2990-2593,127.045905473553,37.6514381283112,http://place.map.kakao.com/1503128545,수유2동 찻집,204051.0000000457,461313.00000056,3120079,창동역,189.43336524205293
마이컵오브티,음식점 > 카페,서울 강북구 수유동 472-96,서울 강북구 덕릉로 26-12,,127.016582495307,37.633500088834,http://place.map.kakao.com/1455514165,수유1동 티카페,201463.70000003133,459321.2000005922,3110349,화계역 2번,168.61177315755916
지유명차 수락산점,음식점 > 카페 > 전통찻집,서울 노원구 상계동 1120-27,서울 노원구 동일로242길 23,02-409-5634,127.056834246242,37.675618402054,http://place.map.kakao.com/639792307,도봉1동 찻집,205013.80000001765,463997.3000000124,3110419,수락산디자인거리,92.90710412516027
카페사계,음식점 > 카페 > 전통찻집,서울 노원구 상계동 1002,서울 노원구 동일로242길 109,,127.061279342721,37.6747539392266,http://place.map.kakao.com/25840568,도봉1동 찻집,205406.00000001068,463901.6000005262,3110419,수락산디자인거리,412.0645092855681
온각,음식점 > 카페 > 전통찻집,서울 영등포구 대림동 721-13,서울 영등포구 대림로27나길 14-1,,126.898161332517,37.4960914774169,http://place.map.kakao.com/927797226,신길5동 찻집,190994.39999991815,444075.2000008193,3110766,대림역 5번,151.716841382781
차랑,음식점 > 카페 > 전통찻집,서울 영등포구 대림동 1019-26,서울 영등포구 대림로 101,02-846-5999,126.90311684306,37.4906968125821,http://place.map.kakao.com/67898018,신길5동 찻집,191432.000000017,443476.00000001886,3110784,신대림초등학교,151.23822265728964
지유명차 보라매점,음식점 > 카페 > 전통찻집,서울 영등포구 신길동 4403,서울 영등포구 여의대방로 93-1,,126.916994971741,37.4975189894814,http://place.map.kakao.com/1233440143,신길5동 찻집,192659.9999999716,444232.00000081054,3110812,신길6동주민센터,38.275317755942375
아도 티하우스,음식점 > 카페 > 전통찻집,서울 영등포구 문래동2가 17-1,서울 영등포구 도림로125길 16,0507-1364-7490,126.894765384221,37.513044514834,http://place.map.kakao.com/1637094739,신길5동 찻집,190696.1999999101,445957.1000007912,3110765,문래동사거리,190.8047439012205
차마루 서울직영점,음식점 > 카페 > 전통찻집,서울 구로구 구로동 741-27,서울 구로구 구로동로26길 54,010-2826-1445,126.88713363881205,37.48992938240054,http://place.map.kakao.com/1109948694,신길5동 찻집,190018.39999999988,443392.400000022,3130229,남구로시장,54.96653526699556
지유명차 서부목동점,음식점 > 카페 > 전통찻집,서울 영등포구 양평동3가 1-2,서울 영등포구 양산로 77,02-2672-5634,126.891755342583,37.5249323287511,http://place.map.kakao.com/9419709,신길5동 찻집,190431.5999999358,447276.80000076536,3120136,영등포구청역,106.51290970403112
다랑,음식점 > 카페 > 전통찻집,서울 영등포구 당산동 173-34,서울 영등포구 국회대로53길 28,02-2646-5592,126.90651133686424,37.52790652375757,http://place.map.kakao.com/500947044,신길5동 찻집,191736.3000000004,447605.5000000204,3120144,영중로,157.0068151508066
티하우스 여백,음식점 > 카페,서울 영등포구 당산동2가 30-12,서울 영등포구 영등포로 91,,126.8917456248,37.5222626506212,http://place.map.kakao.com/1736924250,신길5동 티하우스,190430.400000026,446980.50000001816,3130239,양남시장,82.8408715559646
오가다 서울마리오아울렛점,음식점 > 카페 > 전통찻집 > 오가다,서울 금천구 가산동 60-22,서울 금천구 디지털로 185,070-8860-7803,126.88730006449792,37.47850115475583,http://place.map.kakao.com/2037414574,대림1동 찻집,190031.6000000001,442124.0000000229,3110725,가산동주민센터,291.4675968332307
찻집 순수,음식점 > 카페,서울 금천구 독산동 991-47,서울 금천구 독산로92길 10,0503-7152-3437,126.90390737861068,37.47381526182761,http://place.map.kakao.com/1966023163,대림1동 찻집,191499.99999999948,441602.3000000223,3130233,남문시장,253.1858803316304
지유명차 가산점,"서비스,산업 > 식품 > 음료,주류제조 > 차,커피",서울 금천구 가산동 452-1,서울 금천구 가산디지털2로 143,02-6335-5634,126.87788885533293,37.48078937552354,http://place.map.kakao.com/1878037109,대림1동 찻집,189199.50000000015,442379.0000000236,3110723,가산디지털단지역 1번 출입구,571.7352971324588
시원재,음식점 > 카페 > 전통찻집,서울 영등포구 여의도동 17-1,서울 영등포구 국회대로 750,02-782-1468,126.91664407882716,37.52832406578816,http://place.map.kakao.com/13018792,영등포동 찻집,192631.99999995533,447651.0000007643,3120148,국회의사당역(국회의사당),362.8622328021036
티하우스,음식점 > 카페,서울 영등포구 양평동3가 48,서울 영등포구 선유로 146,02-2068-6489,126.89158119834,37.5272279213934,http://place.map.kakao.com/407209269,영등포동 티하우스,190416.4999999814,447531.6000007644,3120136,영등포구청역,230.70589570984723
카페진정성 한강편 티하우스 천천히하다 서,음식점 > 카페,서울 영등포구 당산동 71-2,서울 영등포구 선유로 314,02-2633-9507,126.90132196163933,37.53994687777221,http://place.map.kakao.com/781310571,영등포시장역 티하우스,191279.00000000207,448942.3000000199,3110773,당산역 13번,467.5421799343416
지유명차 은평뉴타운점,음식점 > 카페 > 전통찻집,서울 은평구 진관동 105,서울 은평구 진관2로 60,0506-625-1407,126.92316399605392,37.6339816885395,http://place.map.kakao.com/1736201218,불광1동 찻집,193217.8999999554,459377.3000005918,3120089,구파발역,556.1673305138504
비원,음식점 > 카페 > 전통찻집,서울 마포구 성산동 114-7,서울 마포구 월드컵북로12안길 3,070-4035-3254,126.91528227657,37.5620474878147,http://place.map.kakao.com/2142484746,가좌역 찻집,192515.000000005,451394.00000001903,3110558,경성고등학교,261.8186395001624
동동 찻집,음식점 > 카페 > 전통찻집,서울 마포구 연남동 390-65,서울 마포구 동교로38안길 11,0503-7151-8009,126.924725949482,37.5623881561013,http://place.map.kakao.com/1269050664,가좌역 찻집,193349.3999999629,451431.1000000233,3130192,동진시장,188.9263613541735
호랑티티,음식점 > 카페 > 전통찻집,서울 마포구 동교동 204-36,서울 마포구 월드컵북로4길 61,0503-7150-4497,126.922249833871,37.5587870698599,http://place.map.kakao.com/1681824603,가좌역 찻집,193130.30000000796,451031.600000016,3120104,연남동(홍대),143.7562172399344
지유명차 서교점,음식점 > 카페 > 전통찻집,서울 마포구 서교동 247-206,서울 마포구 잔다리로 128,0503-7150-0356,126.91334332132644,37.55824657768508,http://place.map.kakao.com/595359620,가좌역 찻집,192343.2999999989,450972.3000000211,3110557,홍대부속여중고앞,186.71416657686345
탄정,음식점 > 카페 > 전통찻집,서울 서대문구 연희동 129-6,서울 서대문구 연희로11가길 8-8,010-9717-7061,126.929006762932,37.5681400630355,http://place.map.kakao.com/954722523,가좌역 찻집,193728.10000002044,452069.2000000134,3130174,연희사러가,126.72036142861724
어차 연남점,음식점 > 카페 > 전통찻집,서울 마포구 동교동 147-21,서울 마포구 양화로23길 20,070-4110-2027,126.925279125105,37.5592818711369,http://place.map.kakao.com/1963539723,가좌역 찻집,193398.0000000372,451086.30000001786,3110564,홍대입구역 3번,77.72316253992413
티노마드,음식점 > 카페 > 전통찻집,서울 마포구 망원동 414-83,서울 마포구 포은로 112,02-545-5084,126.904684618711,37.5569559844524,http://place.map.kakao.com/731433223,가좌역 찻집,191578.09999991377,450829.8000007133,3130185,망원월드컵시장,144.14593240348088
아르가,음식점 > 카페 > 전통찻집,서울 서대문구 연희동 132-83,서울 서대문구 연희맛로 31-10,,126.930414838769,37.5681823471688,http://place.map.kakao.com/501058991,가좌역 찻집,193852.49999997567,452073.8000007003,3130174,연희사러가,133.91224798501136
두레차,음식점 > 카페 > 전통찻집,서울 마포구 서교동 346-29,서울 마포구 홍익로2길 27,02-338-1543,126.923993396563,37.5548382332964,http://place.map.kakao.com/14707067,가좌역 찻집,193283.9999999209,450593.2000007192,3130191,홍대 걷고싶은 거리,159.4008777977802
커차그,음식점 > 카페 > 전통찻집,서울 마포구 망원동 379-32,서울 마포구 월드컵로13길 19-23,,126.90941660890904,37.55498832760559,http://place.map.kakao.com/41281308,가좌역 찻집,191995.99999995096,450611.0000007199,3120100,망원역,100.7223905097101
티아레나,음식점 > 카페,서울 서대문구 연희동 133-21,서울 서대문구 연희맛로 43-2,0502-5550-7338,126.931087793186,37.5687701909529,http://place.map.kakao.com/292935948,가좌역 찻집,193911.9999999892,452139.0000007027,3130174,연희사러가,220.79175766562756
조앤도슨티룸,음식점 > 카페,서울 마포구 연남동 241-31,서울 마포구 성미산로29길 24,010-7663-1002,126.92239270609,37.5650761190008,http://place.map.kakao.com/637125338,연희동 티룸,193143.50000000652,451729.600000023,3110562,연트럴파크(연남동주민센터),167.84400497370132
포담 티하우스,음식점 > 카페,서울 마포구 연남동 223-111,서울 마포구 성미산로 165-6,02-3144-6680,126.92473033925334,37.56477489783797,http://place.map.kakao.com/1611311586,연희동 티하우스,193349.99999996004,451696.0000007048,3110506,연희임광아파트,158.7954654237671
베러댄알콜,음식점 > 카페,서울 마포구 망원동 399-44,서울 마포구 희우정로16길 50,070-8251-0466,126.90471685501248,37.55474856717831,http://place.map.kakao.com/163310640,가좌역 티카페,191580.69999999972,450584.8000000206,3110544,망리단길,44.26883778805136
사이,음식점 > 카페,서울 마포구 합정동 200-3,서울 마포구 토정로4길 6-4,0502-5552-7994,126.914497834165,37.5452793559209,http://place.map.kakao.com/475357829,홍대입구역 티룸,192444.000000038,449533.0000000154,3110556,절두산순교성지,85.80209791618546
명금탕,음식점 > 카페 > 전통찻집,서울 은평구 진관동 205-6,서울 은평구 진관길 5,02-739-0394,126.939150661559,37.6423368390277,http://place.map.kakao.com/1200602899,불광2동 찻집,194629.5999999325,460303.6000005771,3110492,하나고등학교,234.08442976595475
진관사 연지원,음식점 > 카페 > 전통찻집,서울 은평구 진관동 354,서울 은평구 진관길 73,,126.94660232779133,37.638154472704734,http://place.map.kakao.com/1423199719,불광2동 찻집,195286.99999997256,459839.0000005839,3110492,하나고등학교,741.2381531512185
산중다원,음식점 > 카페 > 전통찻집,서울 은평구 진관동 303-21,서울 은평구 의상봉길 31,02-371-0707,126.942405574906,37.6530493636747,http://place.map.kakao.com/17063917,진관동 찻집,194917.59999994625,461492.4000005637,3110492,하나고등학교,1457.1024403119625
전통찻집담소,음식점 > 카페 > 전통찻집,서울 마포구 상암동 1605,서울 마포구 월드컵북로 396,02-2132-8833,126.8897960351835,37.57946340314886,http://place.map.kakao.com/2026712432,북가좌1동 찻집,190265.49999994115,453329.30000068,3120098,DMC(디지털미디어시티),48.70256598814631
레오폴트스튜디오,음식점 > 카페 > 전통찻집,서울 영등포구 양평동5가 88-4,서울 영등포구 양평로22길 11,,126.894468898197,37.5388426337118,http://place.map.kakao.com/1561964529,서교동 찻집,190673.1999999148,448820.4000007514,3110762,선유도역 1번,221.35672506171937
오가다 강동점,음식점 > 카페 > 전통찻집 > 오가다,서울 강동구 천호동 51-7,서울 강동구 양재대로 1517,070-8691-2459,127.14077210699976,37.5411809164635,http://place.map.kakao.com/782330247,길동 찻집,212441.00000000003,449084.0000000199,3111071,천동초등학교,188.60540820511227
지유명차 명일점,음식점 > 카페 > 전통찻집,서울 강동구 명일동 242-6,서울 강동구 상암로63길 43,02-455-1298,127.15396364072282,37.54848416526677,http://place.map.kakao.com/216215361,길동 찻집,213605.50000008216,449896.4000007316,3111086,한영중고,81.29335814069681
전통찻집 카페수요일,음식점 > 카페 > 전통찻집,서울 강동구 명일동 47-18,서울 강동구 동남로 891,02-3427-6767,127.1559370546503,37.55330371413975,http://place.map.kakao.com/16704632,길동 찻집,213779.00000008463,450431.6000007234,3120249,고덕역,83.92115344842564
수다마실,음식점 > 카페 > 전통찻집,서울 강동구 명일동 48-6,서울 강동구 동남로 885,010-5342-5301,127.15597644000532,37.55265314216527,http://place.map.kakao.com/564693036,길동 찻집,213782.59999999692,450359.4000000187,3120249,고덕역,121.06494123529876
오가다 서울강동경희대병원점,음식점 > 카페 > 전통찻집 > 오가다,서울 강동구 상일동 149,서울 강동구 동남로 892,02-440-8945,127.15762664874676,37.55355618253292,http://place.map.kakao.com/649855578,길동 찻집,213928.2500000826,450459.8700007229,3120249,고덕역,232.7915794467491
인사동전통찻집,음식점 > 카페 > 전통찻집,서울 강동구 상일동 242,서울 강동구 상일로7길 12-9,,127.171948336796,37.5503442322828,http://place.map.kakao.com/1061326492,길동 찻집,215194.39999997677,450105.6000000176,3111089,상일여고(상일초등학교),253.0840176824381
로네펠트티하우스 이케아강동점,음식점 > 카페,서울 강동구 고덕동 353-23,서울 강동구 고덕비즈밸리로 51,,127.157333362387,37.5666600295608,http://place.map.kakao.com/1945894423,고덕1동 티하우스,213899.89999996385,451914.2000000205,3111085,묘곡초등학교(고덕아이파크아파트),703.294141880994
담소원전통찻집,음식점 > 카페 > 전통찻집,서울 양천구 신월동 535-7,서울 양천구 신월로 185,,126.84334828296922,37.51949545804548,http://place.map.kakao.com/1965583237,신월3동 찻집,186151.5999999989,446679.4000000205,3130205,신곡종합시장(신월6동 골목시장),174.24499994645063
지유명차 마곡점,음식점 > 카페 > 전통찻집,서울 강서구 마곡동 728-159,서울 강서구 공항대로 206,02-2662-5634,126.830265032025,37.5588924878528,http://place.map.kakao.com/740368256,신월3동 찻집,185002.89999991187,451054.0000007143,3120118,마곡역(마곡),322.0888228049689
나연건강카페,음식점 > 카페 > 전통찻집,서울 강서구 화곡동 798-19,서울 강서구 곰달래로55길 18,,126.860691736529,37.5328484045514,http://place.map.kakao.com/1523425355,신월3동 찻집,187686.9999998879,448159.00000076287,3130221,"남부골목시장(남부화곡시장, 남부시장)",25.96150926710602
티오르카페,음식점 > 카페,서울 강서구 마곡동 773,서울 강서구 마곡중앙로 76,010-4264-0325,126.827507936999,37.5603949572859,http://place.map.kakao.com/699398417,신월3동 티카페,184759.5999999263,451221.2000007058,3120118,마곡역(마곡),72.93284622468855
지유명차 화곡점,음식점 > 카페 > 전통찻집,서울 강서구 화곡동 1128-2,서울 강서구 까치산로28길 6,010-4939-5634,126.85411195400609,37.55355442115979,http://place.map.kakao.com/505478075,신월5동 찻집,187108.99999992308,450458.00000072265,3110669,화곡보람2차아파트,70.57620066131466
오가다 서울목동파라곤점,음식점 > 카페 > 전통찻집 > 오가다,서울 양천구 목동 917,서울 양천구 목동서로 155,02-2652-0543,126.87517684334296,37.52951107803039,http://place.map.kakao.com/1853130760,고척2동 찻집,188966.79999993223,447786.80000076175,3120114,목동신시가지,182.5548677163933
대운차향,음식점 > 카페 > 전통찻집,서울 양천구 목동 788-12,서울 양천구 목동중앙서로7가길 38,,126.864111790908,37.5335497636631,http://place.map.kakao.com/1088281740,화곡6동 찻집,187989.39999991603,448236.4000007532,3120111,목동사거리,206.26516977937888
차연,음식점 > 카페 > 전통찻집,서울 관악구 신림동 1516-10,서울 관악구 호암로26길 71,02-883-3479,126.937567586912,37.470299573795,http://place.map.kakao.com/16091771,삼성산자연공원 찻집,194477.19999993572,441209.6000008579,3120158,녹두거리(대학동),49.21991458013433
티소트,음식점 > 카페,서울 강서구 화곡동 341-92,서울 강서구 강서로12길 15,,126.84773054332,37.531724173686,http://place.map.kakao.com/1769490368,화곡8동 티카페,186541.2000000161,448036.0000000256,3130219,까치산시장,114.58202300684478
오설록티하우스 현대백화점 목동점,음식점 > 카페 > 오설록 티하우스,서울 양천구 목동 916,서울 양천구 목동동로 257,02-2163-2072,126.8749903924984,37.526667320799326,http://place.map.kakao.com/18629848,목1동 티카페,188949.9000000029,447471.20000001945,3120113,오목교역,308.8783741410413
차마시는뜰 (휴업중),음식점 > 카페 > 전통찻집,서울 송파구 오금동 164,서울 송파구 동남로 272,010-9680-0688,127.1364310483756,37.49986964923044,http://place.map.kakao.com/8082652,문정1동 찻집,212063.99999999712,444498.40000002267,3111038,보인중학교,233.508372445274
지유명차 송파점,음식점 > 카페 > 전통찻집,서울 송파구 오금동 46-1,서울 송파구 오금로35길 12,0507-1307-0618,127.12713562184528,37.50417691274213,http://place.map.kakao.com/77969319,문정1동 찻집,211241.39999999947,444975.30000002106,3111022,석촌중학교(방이육교),264.3354876018632
람가헌,음식점 > 카페 > 전통찻집,서울 송파구 장지동 362-2,서울 송파구 위례순환로 478,02-543-5634,127.13407831675734,37.4774624915802,http://place.map.kakao.com/9786388,문정1동 찻집,211859.50000007148,442011.2000008472,3111028,문현중학교(장지역 1번),768.1810263651362
청복 보이차,음식점 > 카페 > 전통찻집,서울 송파구 장지동 880-1,서울 송파구 위례광장로 199,02-2088-3546,127.142787136809,37.4817005434945,http://place.map.kakao.com/1460857382,문정1동 찻집,212629.10000007533,442482.7000008366,3111033,문정동성당,1077.395980594037
슬기네찻집,음식점 > 카페 > 전통찻집,서울 송파구 거여동 579,서울 송파구 성내천로63길 8,02-431-7737,127.157499697026,37.4902279023889,http://place.map.kakao.com/27262857,문정1동 찻집,213928.80000005235,443431.2000008224,3111047,마천1치안센터,707.8701002657807
유정임보이차,음식점 > 카페 > 전통찻집,서울 관악구 봉천동 181-7,서울 관악구 남부순환로248길 68,0503-7150-7963,126.965992559806,37.4731367418585,http://place.map.kakao.com/1215762160,대학동 찻집,196991.79999995735,441523.2000000176,3130295,인헌시장(원당종합시장),138.39320790436588
오가다 대한무역투자진흥공사점,음식점 > 카페 > 전통찻집 > 오가다,서울 서초구 염곡동 300-6,서울 서초구 헌릉로 7,02-3497-1070,127.04405409187451,37.46539013686462,http://place.map.kakao.com/1915638216,양재2동 찻집,203897.29999999853,440663.8000000228,3110942,염곡동 구룡사(포이동성당),492.8309344788117
당신의보이차,음식점 > 카페 > 전통찻집,서울 강남구 역삼동 835-33,서울 강남구 도곡로11길 10,,127.035769609851,37.4915519400015,http://place.map.kakao.com/1110191152,양재2동 찻집,203163.3000000034,443567.1000000169,3110963,역삼월드메르디앙아파트,159.07388219192916
웰빙찻집 다정다감,음식점 > 카페 > 전통찻집,서울 서초구 신원동 607,서울 서초구 청계산로 189,02-579-5280,127.05528538210122,37.44834906968367,http://place.map.kakao.com/2073821355,양재2동 찻집,204892.0000000002,438773.0000000252,3110947,청계산입구역 2번(내곡동주민센터),373.03753163754624
오가다 서울대치점,음식점 > 카페 > 전통찻집 > 오가다,서울 강남구 대치동 919,서울 강남구 역삼로64길 9,02-6101-1910,127.05309305692876,37.50043628813387,http://place.map.kakao.com/1380572856,매봉역 찻집,204694.75000002555,444553.87000081,3120211,도성초등학교,59.98165858825509
예향,음식점 > 카페 > 전통찻집,서울 강남구 역삼동 823,서울 강남구 테헤란로 124,010-5009-8874,127.031619337256,37.4987656833544,http://place.map.kakao.com/16301232,매봉역 찻집,202795.9999999995,444367.60000080976,3120189,강남역,366.8061616363749
무미다점 바이 이스턴에디션,음식점 > 카페 > 전통찻집,서울 강남구 논현동 85-8,서울 강남구 언주로133길 17,,127.033857239577,37.5160643582198,http://place.map.kakao.com/1191441011,논현2동 찻집,202993.20000002527,446287.60000002105,3120196,서울세관,155.01548308724796
티하우스 절기,음식점 > 카페 > 전통찻집,서울 강남구 역삼동 681-16,서울 강남구 봉은사로 306,0507-1327-6475,127.04065273431,37.5090974528202,http://place.map.kakao.com/1847225466,논현2동 찻집,203594.30000002653,445514.6000007947,3120199,경복아파트교차로,190.1127302485736
선릉마실길,음식점 > 카페 > 전통찻집,서울 강남구 삼성동 140,서울 강남구 선릉로 530,02-557-2226,127.047569922389,37.5069811123957,http://place.map.kakao.com/16587715,논현2동 찻집,204206.00000002937,445280.0000007991,3120210,선릉역,306.811017421203
하모니,음식점 > 카페 > 전통찻집,서울 강남구 논현동 202-9,서울 강남구 봉은사로 123,,127.027143520445,37.5055567760198,http://place.map.kakao.com/19337771,논현2동 찻집,202400.00000003772,445121.2000008008,3120187,신논현역,175.29871678728406
라오상하이 찻집 논현점,음식점 > 카페,서울 강남구 논현동 209-5,서울 강남구 학동로38길 6,02-511-5473,127.034304480806,37.5145577509229,http://place.map.kakao.com/1279938028,논현2동 찻집,203032.80000003005,446120.400000785,3120196,서울세관,125.81017391313912
로네펠트티하우스 선릉점,음식점 > 카페,서울 강남구 삼성동 142-21,서울 강남구 테헤란로69길 13,02-553-7949,127.0522295087066,37.50678092294778,http://place.map.kakao.com/407326929,논현2동 티하우스,204618.00000003053,445258.0000008003,3120210,선릉역,350.1385445809307
앨리스스튜디오&티카페,음식점 > 카페 > 테마카페,서울 강남구 논현동 211-21,서울 강남구 언주로 641,070-4272-5108,127.034860703041,37.5139413014008,http://place.map.kakao.com/2073991428,논현2동 티카페,203082.00000002325,446052.000000791,3120196,서울세관,159.8905868222927
지유명차 서초점,음식점 > 카페 > 전통찻집,서울 서초구 서초동 1487-23,서울 서초구 명달로8길 17,02-522-5634,127.00613927801612,37.48181639622053,http://place.map.kakao.com/955634973,역삼1동 찻집,200543.0000000036,442486.00000084046,3110926,신중초등학교,167.58579903280298
다원식품,"서비스,산업 > 식품 > 음료,주류제조 > 차,커피",서울 서초구 서초동 1552-11,서울 서초구 반포대로28길 21-9,,127.009344613295,37.4910677383446,http://place.map.kakao.com/8304346,역삼1동 다원,200826.40000004665,443512.8000008214,3120169,서초역,79.76590708806445
최찻집,음식점 > 카페,서울 서초구 방배동 456-1,서울 서초구 방배천로16길 18,02-6338-6978,126.983524546702,37.48194425129847,http://place.map.kakao.com/1770009288,사당1동 찻집,198542.80000000223,442500.30000002414,3110905,방배노인종합복지관(이수중학교),224.65558083359036
콰이어트 크림티,음식점 > 카페,서울 송파구 삼전동 2-4,서울 송파구 삼전로12길 7,02-6402-0228,127.09103817476976,37.50644473983687,http://place.map.kakao.com/1140044495,삼전동 티카페,208049.40000005,445223.3000008015,3111006,석촌고분역 1번,310.4742344334736
티의수채화,음식점 > 카페,서울 강남구 일원동 687,서울 강남구 일원로 53,010-8332-7275,127.081808615442,37.4892575908143,http://place.map.kakao.com/540877577,일원1동 티카페,207235.0000000521,443315.0000008325,3110997,대청초등학교,353.59864189704746
노스티 상일점,음식점 > 카페 > 커피전문점,서울 강동구 상일동 270,서울 강동구 상일로7길 11,02-6949-2075,127.17228215875468,37.54984549413008,http://place.map.kakao.com/1500965209,상일동 티카페,215224.00000009208,450050.3000007287,3111089,상일여고(상일초등학교),209.05331926414385
티테리아 잠실점,음식점 > 카페,서울 송파구 신천동 7-14,서울 송파구 올림픽로35가길 10,02-422-8885,127.1021659843824,37.5172098447787,http://place.map.kakao.com/570548410,잠실6동 티카페,209032.00000005425,446419.1000007808,3120227,잠실역,366.7105269388341
