가게명,카테고리,도로명주소,lon,lat,상권_코드,상권_코드_명
다심헌,음식점 > 카페 > 전통찻집,서울 종로구 옥인길 8,126.96806077211444,37.58065208276528,3110008,배화여자대학교(박노수미술관)
전통문화원,음식점 > 카페 > 전통찻집,서울 종로구 자하문로 51,126.970886578474,37.5805302783619,3130001,통인시장
호전다실,음식점 > 카페 > 전통찻집,서울 종로구 자하문로11길 16-2,126.970443079391,37.579798561157,3130001,통인시장
서울서둘째로잘하는집,음식점 > 카페 > 전통찻집,서울 종로구 삼청로 122-1,126.9818338546895,37.5862501745141,3120005,삼청동
연경당,음식점 > 카페 > 전통찻집,서울 종로구 팔판길 26,126.98126292037544,37.58295245025109,3120005,삼청동
차마시는뜰 차뜰,음식점 > 카페 > 전통찻집,서울 종로구 북촌로11나길 26,126.98226506208036,37.582155225838505,3120005,삼청동
다담찻집,음식점 > 카페 > 전통찻집,서울 종로구 삼청로 76,126.981854099593,37.5821407474772,3120005,삼청동
다연,음식점 > 카페 > 전통찻집,서울 종로구 삼청로 48-12,126.98057296221528,37.58043856653446,3120005,삼청동
동양차문화관,음식점 > 카페 > 전통찻집,서울 종로구 북촌로11길 76,126.983592684909,37.5838628003638,3110017,정독도서관
월하보이,음식점 > 카페 > 전통찻집,서울 종로구 북촌로5길 26,126.983561939184,37.5795200068365,3120007,북촌(안국역)
금정헌,음식점 > 카페 > 전통찻집,서울 종로구 북촌로11길 32,126.983697187403,37.5822878783646,3110017,정독도서관
차향기듣는집,음식점 > 카페 > 전통찻집,서울 종로구 북촌로5길 29,126.983149897003,37.5793361459711,3120007,북촌(안국역)
티솔로지,음식점 > 카페 > 전통찻집,서울 종로구 윤보선길 71,126.983346912842,37.5791956188603,3120007,북촌(안국역)
터틀도브,음식점 > 카페,서울 종로구 사직로9가길 13,126.968746154634,37.5768599822792,3130002,세종마을음식문화거리(금천교시장)
전통찻집덕수궁,음식점 > 카페 > 전통찻집,서울 중구 서소문로 109,126.97325215264,37.5630551367495,3120020,시청역_1번
서울에서 첫번째로잘하는 전통찻집,음식점 > 카페 > 전통찻집,서울 중구 세종대로 124,126.977886902592,37.5674601648644,3120023,서울시청
코레아노,음식점 > 카페 > 전통찻집,서울 중구 중림로 10,126.96598209895836,37.55849422210736,3120018,중림동
서울에서첫번째전통찻집,음식점 > 카페 > 전통찻집,서울 종로구 종로 19,126.979914362749,37.5709311619802,3120006,종각역
한옥찻집,음식점 > 카페 > 전통찻집,서울 종로구 인사동12길 9,126.984864848692,37.5745944450705,3120008,인사동
전통찻집지대방,음식점 > 카페 > 전통찻집,서울 종로구 인사동길 33,126.98554993689189,37.57348630732058,3120008,인사동
반짝반짝빛나는,음식점 > 카페 > 전통찻집,서울 종로구 인사동길 28-1,126.986062774614,37.573278239159016,3120008,인사동
경인미술관 전통다원,음식점 > 카페 > 전통찻집,서울 종로구 인사동10길 11-4,126.98544221019,37.5744422495732,3120008,인사동
즐거운찻집,음식점 > 카페 > 전통찻집,서울 종로구 인사동길 55-2,126.983581056988,37.5749465624177,3120008,인사동
전통찻집 인사동,음식점 > 카페 > 전통찻집,서울 종로구 인사동길 33-1,126.9854423883843,37.57352683887668,3120008,인사동
신옛찻집,음식점 > 카페 > 전통찻집,서울 종로구 인사동길 47-8,126.983907231673,37.5742474354404,3120008,인사동
보이차전문점 명가원,음식점 > 카페 > 전통찻집,서울 종로구 윤보선길 19-18,126.983545436749,37.5773432027457,3120007,북촌(안국역)
나무새찻집,음식점 > 카페 > 전통찻집,서울 종로구 인사동길 47-9,126.984038560759,37.5741771756783,3120008,인사동
이원전통찻집,음식점 > 카페 > 전통찻집,서울 종로구 삼봉로 60,126.980425659419,37.5722791366222,3120004,종로구청
도채비도반한찻집,음식점 > 카페 > 전통찻집,서울 종로구 인사동길 45,126.984423443888,37.5741898410164,3120008,인사동
인티맥스 휴다인,음식점 > 카페 > 전통찻집,서울 종로구 우정국로 65-6,126.982426382768,37.5749680200468,3120004,종로구청
수요일,음식점 > 카페 > 전통찻집,서울 종로구 인사동길 36,126.9854151675,37.5737971339721,3120008,인사동
일광정사,음식점 > 카페 > 전통찻집,서울 종로구 인사동11길 22,126.983540540338,37.573872571052,3120008,인사동
머무름,음식점 > 카페 > 전통찻집,서울 종로구 인사동12길 5,126.98475393117,37.5744926183951,3120008,인사동
보성전통찻집,음식점 > 카페 > 전통찻집,서울 종로구 종로7길 47,126.982789383446,37.5717028680163,3120006,종각역
차차티클럽 북촌라운지,음식점 > 카페 > 전통찻집,서울 종로구 계동길 103-7,126.986302312897,37.581895376215,3110018,중앙고등학교
꽃담 인사동본점,음식점 > 카페 > 전통찻집,서울 종로구 인사동길 19-2,126.986325511411,37.572665593314,3130004,낙원시장(낙원지하시장(대일상가))
흐린세상건너기,음식점 > 카페 > 전통찻집,서울 종로구 인사동14길 20,126.985188551843,37.5748746954755,3120008,인사동
인산인해,음식점 > 카페 > 전통찻집,서울 종로구 인사동길 27-1,126.985940548743,37.5731160455798,3120008,인사동
사람과나무,음식점 > 카페 > 전통찻집,서울 종로구 인사동6길 5,126.98621217779186,37.57339358405024,3120008,인사동
풍경이있는전통찻집커피,음식점 > 카페 > 전통찻집,서울 종로구 인사동길 29,126.985808079336,37.57324937697804,3120008,인사동
끽다거,음식점 > 카페 > 전통찻집,서울 종로구 북촌로4길 27,126.98664692344546,37.57942128676985,3120007,북촌(안국역)
바람부는섬,음식점 > 카페 > 전통찻집,서울 종로구 인사동길 20,126.986764751256,37.5725178801925,3130004,낙원시장(낙원지하시장(대일상가))
한경헌,음식점 > 카페 > 전통찻집,서울 종로구 창덕궁길 170,126.986577185881,37.5832072543151,3110018,중앙고등학교
청호다원,음식점 > 카페 > 전통찻집,서울 종로구 우정국로 58,126.983132944375,37.5741896636862,3120004,종로구청
로댕찻집,음식점 > 카페 > 전통찻집,서울 종로구 인사동16길 8-4,126.984536456315,37.5751052664883,3120008,인사동
편강율플래그십&티하우스,음식점 > 카페,서울 종로구 북촌로5가길 35-4,126.98121811311,37.5810468417353,3120005,삼청동
로네펠트티하우스 광화문점,음식점 > 카페,서울 종로구 새문안로 76,126.97332556672318,37.56984145474987,3120003,광화문역
티하우스일지,음식점 > 카페,서울 종로구 윤보선길 38,126.983834035177,37.5777045413115,3120007,북촌(안국역)
티하우스 일지,음식점 > 카페,서울 종로구 인사동11길 23,126.983427383431,37.5736725343622,3120008,인사동
룩아워티with 한삼인카페 서대문점,음식점 > 카페,서울 중구 통일로 120,126.967546419867,37.5658576064926,3120001,서대문역
청운다원,음식점 > 카페 > 전통찻집,서울 종로구 인사동7길 6,126.985782058343,37.573170086294,3120008,인사동
란비,음식점 > 카페,서울 서대문구 통일로39가길 31,126.94250113312154,37.58932887360587,3110521,홍제역 4번
카페커퍼티,음식점 > 카페,서울 서대문구 명지대길 29,126.9244812909789,37.58162604315908,3110503,명지대학교교회
수연산방,음식점 > 카페 > 전통찻집,서울 성북구 성북로26길 8,126.99483655959386,37.59507217364634,3110281,길상사
다음,음식점 > 카페 > 전통찻집,서울 성북구 성북로26길 35,126.9935660310772,37.59565775572466,3110281,길상사
다원,음식점 > 카페,서울 성북구 대사관로 3,126.984142356361,37.5971759372676,3110280,북정마을
다라니다원,음식점 > 카페,서울 성북구 선잠로5길 68,126.9934865102228,37.59860489378696,3110281,길상사
사모,음식점 > 카페 > 전통찻집,서울 종로구 창덕궁길 106-1,126.989577528255,37.5822380883867,3110018,중앙고등학교
심우방,음식점 > 카페 > 전통찻집,서울 종로구 인사동12길 1,126.984532064606,37.5744457378074,3120008,인사동
뜰안,음식점 > 카페 > 전통찻집,서울 종로구 수표로28길 17-35,126.9893817511,37.5736822300454,3130004,낙원시장(낙원지하시장(대일상가))
명장지가,음식점 > 카페 > 전통찻집,서울 종로구 인사동10길 23,126.98629348168802,37.5744874012164,3120008,인사동
지유명차 종로점,음식점 > 카페 > 전통찻집,서울 종로구 돈화문로 79,126.99048861685668,37.57556540335334,3110019,창덕궁
민들레전통찻집,음식점 > 카페 > 전통찻집,서울 종로구 인사동길 37-3,126.9850121982444,37.57366373625709,3120008,인사동
초당다실,음식점 > 카페 > 전통찻집,서울 종로구 인사동11길 16,126.983893712656,37.5739446993497,3120008,인사동
오가다 종로2가인사동점,음식점 > 카페 > 전통찻집 > 오가다,서울 종로구 인사동길 9,126.98686699829813,37.57171276239972,3130004,낙원시장(낙원지하시장(대일상가))
내마음의풍경,음식점 > 카페 > 전통찻집,서울 종로구 인사동길 15-11,126.986070924003,37.5720682038319,3130004,낙원시장(낙원지하시장(대일상가))
의전방,음식점 > 카페 > 전통찻집,서울 종로구 삼봉로 81,126.981829293242,37.5724091042983,3120004,종로구청
다인,음식점 > 카페 > 전통찻집,서울 중구 세종대로18길 16-3,126.978190278457,37.5635003434677,3120022,북창동(시청역_6번)
로네펠트 티하우스 동대문점,음식점 > 카페,서울 중구 을지로 224,127.0028750342908,37.56666391845504,3130036,중부시장(신중부시장)
슬로운,음식점 > 카페,서울 종로구 율곡로10길 15-5,126.991259388963,37.5768124392837,3110019,창덕궁
티카페 서울대학교병원 암병원점,음식점 > 카페,서울 종로구 대학로 101,126.997673561578,37.5787913232575,3110023,서울대병원
티카페,음식점 > 카페,서울 종로구 대학로 71,127.00151471127184,37.57775969815928,3110023,서울대병원
종묘전통다원,음식점 > 카페,서울 종로구 서순라길 39,126.993420883264,37.5722913880274,3120009,종로3가역
더쌍화 본사,음식점 > 카페 > 전통찻집,서울 종로구 종로 252-16,127.0057277313081,37.57059215546308,3130010,종로신진시장
문경새재,음식점 > 카페 > 전통찻집,서울 종로구 종로46길 5,127.010971081631,37.5712675310865,3120016,동대문역
한옥카페 숙임당,음식점 > 카페 > 전통찻집,서울 성북구 보문로13가길 34-1,127.021027043294,37.5816176931423,3110302,보문역 8번
지유명차 인사점,음식점 > 카페 > 전통찻집,서울 종로구 인사동길 12,126.98724481352,37.5719449001715,3130004,낙원시장(낙원지하시장(대일상가))
연화정,음식점 > 카페 > 전통찻집,서울 종로구 인사동길 15-3,126.986524838469,37.5721322271674,3130004,낙원시장(낙원지하시장(대일상가))
성차사진품보이차,음식점 > 카페 > 전통찻집,서울 종로구 인사동길 11-1,126.9866811022754,37.571852936411055,3130004,낙원시장(낙원지하시장(대일상가))
푸얼방장,음식점 > 카페 > 전통찻집,서울 종로구 인사동4길 6,126.9866605103,37.5730656734109,3130004,낙원시장(낙원지하시장(대일상가))
이원전통찻집,음식점 > 카페 > 전통찻집,서울 종로구 종로11길 29,126.985551440529,37.5715626831259,3120006,종각역
다정차끓이는솥,음식점 > 카페 > 전통찻집,서울 종로구 인사동5길 3,126.98599494080104,37.572816921719024,3120008,인사동
차향가,음식점 > 카페 > 전통찻집,서울 종로구 인사동길 25,126.986062821628,37.5730259605843,3120008,인사동
궁전전통찻집,음식점 > 카페 > 전통찻집,서울 은평구 불광로 25-1,126.928581178989,37.6107774630865,3130170,제일시장
수무카,음식점 > 카페 > 전통찻집,서울 중구 청파로 437,126.969034453818,37.5586266076669,3120018,중림동
라오상하이 신촌점,음식점 > 카페 > 전통찻집,서울 서대문구 연세로12길 27,126.93850426397204,37.559091280804665,3110520,경의중앙 신촌역
숭례문전통찻집,음식점 > 카페 > 전통찻집,서울 중구 남대문시장길 12-7,126.97678565031,37.5598384251471,3130022,숭례문수입상가(남대문시장)
다도레 티룸,음식점 > 카페 > 전통찻집,서울 서대문구 증가로 13-9,126.931114626045,37.5691324067676,3130174,연희사러가
클로리스 신촌점,음식점 > 카페,서울 서대문구 연세로4길 38,126.93874867003971,37.55778225913004,3110520,경의중앙 신촌역
민속찻집,음식점 > 카페 > 전통찻집,서울 중구 남대문시장길 22-14,126.97707429269,37.5597294609205,3130024,남대문시장(자유상가)
운비차실,음식점 > 카페 > 전통찻집,서울 중구 퇴계로6길 17,126.978550803325,37.5574772455228,3120024,회현역
보이차,음식점 > 카페 > 전통찻집,서울 종로구 우정국로 43,126.98276874875148,37.57282730684326,3120004,종로구청
티룸 로제티,음식점 > 카페,서울 용산구 후암로28바길 3,126.98017371338898,37.54908383217298,3110079,후암동주민센터
세라젬카페오가다 왕십리점,음식점 > 카페 > 전통찻집 > 오가다,서울 중구 마장로 119,127.02321803571586,37.56806902585513,3130055,"황학시장(서울중앙시장, 신중앙시장)"
선길,음식점 > 카페 > 전통찻집,서울 동대문구 천호대로16길 16,127.031166256283,37.5731343926897,3110188,용두동신동아아파트
참다정,음식점 > 카페 > 전통찻집,서울 동대문구 약령중앙로 26,127.0373098837282,37.580456793803535,3130087,경동광성상가(경동시장)
지유명차 신당점,음식점 > 카페 > 전통찻집,서울 중구 청구로 95,127.0116441136108,37.56083573471791,3110053,청구역 1번
고호재,음식점 > 카페 > 전통찻집,서울 중구 퇴계로36길 10,126.994592232018,37.5602199032118,3120032,충무로역
참좋은,음식점 > 카페 > 전통찻집,서울 중구 마른내로2길 19,126.991984196121,37.56353722465157,3120030,중부경찰서(영화인의거리)
차차티클럽 창신한옥,음식점 > 카페,서울 종로구 종로46가길 13,127.01136497945254,37.57107828482447,3120016,동대문역
엘마드레,음식점 > 카페,서울 성북구 성북로8길 14,127.00455286754992,37.59104836899993,3110288,동구여중
에스프레소카페티,음식점 > 카페,서울 성동구 행당로 75,127.028556594514,37.5572631050728,3110112,행당역 2번
정진보이차,음식점 > 카페 > 전통찻집,서울 종로구 우정국로 52,126.98314439532508,37.57360942465669,3120008,인사동
흙다방,음식점 > 카페 > 전통찻집,서울 중구 을지로 지하 88,126.986868880059,37.5661523585111,3120029,을지로2가
사랑채,음식점 > 카페 > 전통찻집,서울 중구 삼일대로 363,126.9870509416448,37.56715518708459,3120029,을지로2가
예평,음식점 > 카페 > 전통찻집,서울 용산구 회나무로25길 1,126.9914458660238,37.53994274674658,3110085,경리단길남측
티하우스일지 한남점,음식점 > 카페 > 전통찻집,서울 용산구 이태원로45길 22,126.9984397332,37.5365543842281,3110091,리움미술관
델픽 안국플래그십스토어,"서비스,산업 > 식품 > 음료,주류제조 > 차,커피",서울 종로구 계동길 84-3,126.9869692521386,37.58125034027411,3110018,중앙고등학교
보성다원,"서비스,산업 > 식품 > 음료,주류제조 > 차,커피",서울 중구 퇴계로 224,126.996672430518,37.5615804853488,3120032,충무로역
오므오트,음식점 > 카페 > 전통찻집,서울 성동구 서울숲2길 12,127.039945805106,37.5472226825663,3110120,서울숲카페거리
티룸,음식점 > 카페,서울 성동구 서울숲길 52,127.043205250676,37.5479351259773,3110120,서울숲카페거리
리브르 티하우스 성수,음식점 > 카페,서울 성동구 서울숲4길 20,127.043012447699,37.5471909713625,3110120,서울숲카페거리
지유명차 용산점,음식점 > 카페 > 전통찻집,서울 용산구 새창로20길 3,126.959455866271,37.5383242073277,3110060,효창공원앞역 6번
온넬,음식점 > 카페 > 전통찻집,서울 용산구 한강대로 37,126.963086633232,37.5248247953496,3110062,한강로동땡땡거리(은행나무길)
무심헌 용산점,음식점 > 카페 > 전통찻집,서울 용산구 한강대로44길 10,126.9704126018484,37.53091042221498,3110073,삼각지역 3번
다인전통찻집,음식점 > 카페 > 전통찻집,서울 마포구 신촌로 182,126.945667012953,37.556443159523,3110582,이대역 5번
사랑방,음식점 > 카페 > 전통찻집,서울 영등포구 국제금융로6길 30,126.926574475482,37.521765955821,3120149,여의도역(여의도)
지유명차 여의도점,음식점 > 카페 > 전통찻집,서울 영등포구 국제금융로6길 33,126.9269148023,37.5207822719756,3120149,여의도역(여의도)
더느림카페,음식점 > 카페 > 전통찻집,서울 서대문구 이화여대2가길 19,126.94606860879,37.5582561501111,3130179,"이화여대 3,5,7길 상점가"
대현동전통찻집,음식점 > 카페 > 전통찻집,서울 서대문구 신촌역로 16,126.943156720096,37.5580313368353,3120096,"이화여대(이대역, 이대)"
차향기,음식점 > 카페 > 전통찻집,서울 영등포구 여의나루로 42,126.924991155576,37.5213721237516,3120149,여의도역(여의도)
박수진전통찻집,음식점 > 카페 > 전통찻집,서울 영등포구 국회대로68길 11,126.919686389764,37.5292091553224,3120148,국회의사당역(국회의사당)
사유공간찻집,음식점 > 카페,서울 용산구 서빙고로 137,126.9818547006514,37.52364885686195,3110078,이촌동점보아파트
티하우스레몬 신용산,음식점 > 카페,서울 용산구 한강대로 95,126.9674908159398,37.52970321313072,3120041,신용산역(용산역)
오설록 티하우스 용산파크점,음식점 > 카페 > 오설록 티하우스,서울 용산구 한강대로 100,126.9688489173758,37.52852957402794,3110073,삼각지역 3번
산수화 티하우스,음식점 > 카페 > 전통찻집,서울 용산구 한남대로20길 21-14,127.008902085488,37.5353142821435,3110098,서울독일학교
팔공티 용산아이파크몰점,음식점 > 카페 > 팔공티,서울 용산구 한강대로23길 55,126.964322282747,37.5289418530856,3120041,신용산역(용산역)
세라젬카페오가다 신사점,음식점 > 카페 > 전통찻집 > 오가다,서울 강남구 압구정로 140,127.023996456712,37.5246371136363,3120188,압구정역
위긴티식스,음식점 > 카페,서울 용산구 이태원로14길 19,126.990794910744,37.5335302772141,3110082,용산구청
찻집 달리아,음식점 > 카페 > 전통찻집,서울 강남구 압구정로28길 48,127.027444096515,37.5233677514146,3120188,압구정역
지유명차 압구정점,음식점 > 카페 > 전통찻집,서울 강남구 논현로 841,127.0278799189602,37.52415152148452,3120188,압구정역
티하우스레몬 신반포점,음식점 > 카페,서울 서초구 신반포로 194,127.00705170846663,37.50606695004771,3120167,고속터미널(고속터미널역)
아도 티하우스 계영배점,음식점 > 카페 > 전통찻집,서울 강남구 언주로173길 16,127.0321634729324,37.528186921983256,3120195,성수대교남단
맥파이앤타이거 성수티룸,음식점 > 카페,서울 성동구 성수이로 97,127.05658454691908,37.54364792526845,3120052,성수역
행복한뜨락,음식점 > 카페 > 전통찻집,서울 광진구 동일로 56,127.0619251505675,37.53776892491227,3130074,영동교골목시장
소로차실,음식점 > 카페 > 전통찻집,서울 강남구 압구정로79길 8,127.04776007676,37.5249596615398,3120208,청담사거리(청담동명품거리)
티하우스 하다,음식점 > 카페,서울 강남구 선릉로146길 54,127.0440722846174,37.52138051126469,3110976,언북초등학교
다루,음식점 > 카페 > 전통찻집,서울 광진구 능동로43길 38,127.079680751221,37.5617518638381,3110153,중곡1동주민센터
로해서울,음식점 > 카페 > 전통찻집,서울 강남구 영동대로129길 20,127.055731917847,37.5185563467127,3110988,청담역 3번
지유명차 청담점,음식점 > 카페 > 전통찻집,서울 강남구 선릉로 670,127.041748409823,37.5166889311328,3120203,강남구청역
봉은사 연회다원,음식점 > 카페 > 전통찻집,서울 강남구 봉은사로 531,127.05728004208191,37.51500024649973,3110991,삼성중앙역 5번
보이다원,음식점 > 카페 > 전통찻집,서울 강남구 삼성로115길 16-5,127.05049101479,37.5149546894921,3110982,강남구보훈회관
토끼의시골집,음식점 > 카페,서울 광진구 뚝섬로46길 39,127.076629580381,37.5310325268049,3110151,자양한강도서관
티하우스 청담,음식점 > 카페,서울 강남구 삼성로120길 52-1,127.05462588419054,37.51890825465803,3110988,청담역 3번
녹원,음식점 > 카페 > 전통찻집,서울 동대문구 경희대로 14,127.05273793630664,37.592771985615606,3120064,경희대학교(경희대)
행복전통차,음식점 > 카페 > 전통찻집,서울 송파구 올림픽로35길 104,127.103770483815,37.5200366940963,3111011,잠실나루역
고호재 잠실 롯데월드몰점,음식점 > 카페 > 전통찻집,서울 송파구 올림픽로 300,127.10448202125885,37.51355605203969,3120227,잠실역
로네펠트티하우스 코엑스점,음식점 > 카페,서울 강남구 영동대로 513,127.05970168588811,37.51062827671764,3001496,강남 마이스 관광특구
티하우스일지 현대백화점무역센터점,음식점 > 카페 > 전통찻집,서울 강남구 테헤란로 517,127.059799582126,37.5085766398773,3001496,강남 마이스 관광특구
수잔라메종 티룸,음식점 > 카페,서울 강남구 봉은사로78길 8,127.052660821745,37.512184055892,3120213,삼성중앙역
하루의에프터눈티,음식점 > 카페,서울 광진구 긴고랑로 153,127.091985726576,37.5587741343468,3110176,해오름공원
정성찻집,음식점 > 카페 > 전통찻집,서울 강동구 상암로12길 9,127.128483973837,37.5491759716047,3130320,암사종합시장
티하우스,음식점 > 카페,서울 강동구 상암로5길 77,127.1280968862,37.5537651732943,3111054,암사역 4번(삼성광나루아파트)
카페티에드,음식점 > 카페 > 커피전문점,서울 강동구 천호대로157길 52,127.127986033872,37.5398980274511,3130318,로데오거리상점가
별찻집커피,음식점 > 카페,서울 중랑구 동일로123길 34,127.078190509343,37.5978367569829,3110245,KB국민은행 중화동지점
양원재,음식점 > 카페 > 전통찻집,서울 중랑구 동일로 752,127.08068681169964,37.59729538323916,3110245,KB국민은행 중화동지점
T&J카페,음식점 > 카페 > 전통찻집,서울 성북구 종암로21길 89,127.0316041238,37.602077765431,3110314,종암경찰서
티그라운드,음식점 > 카페,서울 동대문구 사가정로 272,127.0750785259166,37.579585573456704,3110231,장안교
티하우스나니,음식점 > 카페 > 전통찻집,서울 중랑구 용마산로117길 26,127.09883697749932,37.6003107103283,3110273,장스여성병원
지유명차 미아점,음식점 > 카페 > 전통찻집,서울 강북구 솔매로49길 8,127.02687034896162,37.62676602561428,3120077,미아역
무위산방,음식점 > 카페 > 전통찻집,서울 성북구 보국문로 195,126.999510684857,37.617532160889,3110284,정릉북한산국립공원입구
마을찻집고운울림,음식점 > 카페,서울 강북구 인수봉로 159,127.012167745227,37.6348773326851,3110344,화계중학교
마을찻집 마주이야기,음식점 > 카페,서울 강북구 인수봉로55길 10,127.012304025716,37.6368666941643,3110342,국립재활원
연화 전통찻집,음식점 > 카페 > 전통찻집,서울 강북구 한천로 1130,127.019172082958,37.6457197526496,3130133,우이골목시장(우이시장)
다정도병인양,음식점 > 카페 > 전통찻집,서울 강북구 4.19로 41-1,127.009676852869,37.646977785907296,3110339,국립4.19민주묘지
티하우스다드림,음식점 > 카페 > 전통찻집,서울 도봉구 노해로 341,127.045905473553,37.6514381283112,3120079,창동역
마이컵오브티,음식점 > 카페,서울 강북구 덕릉로 26-12,127.016582495307,37.633500088834,3110349,화계역 2번
지유명차 수락산점,음식점 > 카페 > 전통찻집,서울 노원구 동일로242길 23,127.056834246242,37.675618402054,3110419,수락산디자인거리
카페사계,음식점 > 카페 > 전통찻집,서울 노원구 동일로242길 109,127.061279342721,37.6747539392266,3110419,수락산디자인거리
온각,음식점 > 카페 > 전통찻집,서울 영등포구 대림로27나길 14-1,126.898161332517,37.4960914774169,3110766,대림역 5번
차랑,음식점 > 카페 > 전통찻집,서울 영등포구 대림로 101,126.90311684306,37.4906968125821,3110784,신대림초등학교
지유명차 보라매점,음식점 > 카페 > 전통찻집,서울 영등포구 여의대방로 93-1,126.916994971741,37.4975189894814,3110812,신길6동주민센터
아도 티하우스,음식점 > 카페 > 전통찻집,서울 영등포구 도림로125길 16,126.894765384221,37.513044514834,3110765,문래동사거리
차마루 서울직영점,음식점 > 카페 > 전통찻집,서울 구로구 구로동로26길 54,126.88713363881205,37.48992938240054,3130229,남구로시장
지유명차 서부목동점,음식점 > 카페 > 전통찻집,서울 영등포구 양산로 77,126.891755342583,37.5249323287511,3120136,영등포구청역
다랑,음식점 > 카페 > 전통찻집,서울 영등포구 국회대로53길 28,126.90651133686424,37.52790652375757,3120144,영중로
티하우스 여백,음식점 > 카페,서울 영등포구 영등포로 91,126.8917456248,37.5222626506212,3130239,양남시장
오가다 서울마리오아울렛점,음식점 > 카페 > 전통찻집 > 오가다,서울 금천구 디지털로 185,126.88730006449792,37.47850115475583,3110725,가산동주민센터
찻집 순수,음식점 > 카페,서울 금천구 독산로92길 10,126.90390737861068,37.47381526182761,3130233,남문시장
지유명차 가산점,"서비스,산업 > 식품 > 음료,주류제조 > 차,커피",서울 금천구 가산디지털2로 143,126.87788885533293,37.48078937552354,3110723,가산디지털단지역 1번 출입구
시원재,음식점 > 카페 > 전통찻집,서울 영등포구 국회대로 750,126.91664407882716,37.52832406578816,3120148,국회의사당역(국회의사당)
티하우스,음식점 > 카페,서울 영등포구 선유로 146,126.89158119834,37.5272279213934,3120136,영등포구청역
카페진정성 한강편 티하우스 천천히하다 서,음식점 > 카페,서울 영등포구 선유로 314,126.90132196163933,37.53994687777221,3110773,당산역 13번
지유명차 은평뉴타운점,음식점 > 카페 > 전통찻집,서울 은평구 진관2로 60,126.92316399605392,37.6339816885395,3120089,구파발역
비원,음식점 > 카페 > 전통찻집,서울 마포구 월드컵북로12안길 3,126.91528227657,37.5620474878147,3110558,경성고등학교
동동 찻집,음식점 > 카페 > 전통찻집,서울 마포구 동교로38안길 11,126.924725949482,37.5623881561013,3130192,동진시장
호랑티티,음식점 > 카페 > 전통찻집,서울 마포구 월드컵북로4길 61,126.922249833871,37.5587870698599,3120104,연남동(홍대)
지유명차 서교점,음식점 > 카페 > 전통찻집,서울 마포구 잔다리로 128,126.91334332132644,37.55824657768508,3110557,홍대부속여중고앞
탄정,음식점 > 카페 > 전통찻집,서울 서대문구 연희로11가길 8-8,126.929006762932,37.5681400630355,3130174,연희사러가
어차 연남점,음식점 > 카페 > 전통찻집,서울 마포구 양화로23길 20,126.925279125105,37.5592818711369,3110564,홍대입구역 3번
티노마드,음식점 > 카페 > 전통찻집,서울 마포구 포은로 112,126.904684618711,37.5569559844524,3130185,망원월드컵시장
아르가,음식점 > 카페 > 전통찻집,서울 서대문구 연희맛로 31-10,126.930414838769,37.5681823471688,3130174,연희사러가
두레차,음식점 > 카페 > 전통찻집,서울 마포구 홍익로2길 27,126.923993396563,37.5548382332964,3130191,홍대 걷고싶은 거리
커차그,음식점 > 카페 > 전통찻집,서울 마포구 월드컵로13길 19-23,126.90941660890904,37.55498832760559,3120100,망원역
티아레나,음식점 > 카페,서울 서대문구 연희맛로 43-2,126.931087793186,37.5687701909529,3130174,연희사러가
조앤도슨티룸,음식점 > 카페,서울 마포구 성미산로29길 24,126.92239270609,37.5650761190008,3110562,연트럴파크(연남동주민센터)
포담 티하우스,음식점 > 카페,서울 마포구 성미산로 165-6,126.92473033925334,37.56477489783797,3110506,연희임광아파트
베러댄알콜,음식점 > 카페,서울 마포구 희우정로16길 50,126.90471685501248,37.55474856717831,3110544,망리단길
사이,음식점 > 카페,서울 마포구 토정로4길 6-4,126.914497834165,37.5452793559209,3110556,절두산순교성지
명금탕,음식점 > 카페 > 전통찻집,서울 은평구 진관길 5,126.939150661559,37.6423368390277,3110492,하나고등학교
진관사 연지원,음식점 > 카페 > 전통찻집,서울 은평구 진관길 73,126.94660232779133,37.638154472704734,3110492,하나고등학교
산중다원,음식점 > 카페 > 전통찻집,서울 은평구 의상봉길 31,126.942405574906,37.6530493636747,3110492,하나고등학교
전통찻집담소,음식점 > 카페 > 전통찻집,서울 마포구 월드컵북로 396,126.8897960351835,37.57946340314886,3120098,DMC(디지털미디어시티)
레오폴트스튜디오,음식점 > 카페 > 전통찻집,서울 영등포구 양평로22길 11,126.894468898197,37.5388426337118,3110762,선유도역 1번
오가다 강동점,음식점 > 카페 > 전통찻집 > 오가다,서울 강동구 양재대로 1517,127.14077210699976,37.5411809164635,3111071,천동초등학교
지유명차 명일점,음식점 > 카페 > 전통찻집,서울 강동구 상암로63길 43,127.15396364072282,37.54848416526677,3111086,한영중고
전통찻집 카페수요일,음식점 > 카페 > 전통찻집,서울 강동구 동남로 891,127.1559370546503,37.55330371413975,3120249,고덕역
수다마실,음식점 > 카페 > 전통찻집,서울 강동구 동남로 885,127.15597644000532,37.55265314216527,3120249,고덕역
오가다 서울강동경희대병원점,음식점 > 카페 > 전통찻집 > 오가다,서울 강동구 동남로 892,127.15762664874676,37.55355618253292,3120249,고덕역
인사동전통찻집,음식점 > 카페 > 전통찻집,서울 강동구 상일로7길 12-9,127.171948336796,37.5503442322828,3111089,상일여고(상일초등학교)
로네펠트티하우스 이케아강동점,음식점 > 카페,서울 강동구 고덕비즈밸리로 51,127.157333362387,37.5666600295608,3111085,묘곡초등학교(고덕아이파크아파트)
담소원전통찻집,음식점 > 카페 > 전통찻집,서울 양천구 신월로 185,126.84334828296922,37.51949545804548,3130205,신곡종합시장(신월6동 골목시장)
지유명차 마곡점,음식점 > 카페 > 전통찻집,서울 강서구 공항대로 206,126.830265032025,37.5588924878528,3120118,마곡역(마곡)
나연건강카페,음식점 > 카페 > 전통찻집,서울 강서구 곰달래로55길 18,126.860691736529,37.5328484045514,3130221,"남부골목시장(남부화곡시장, 남부시장)"
티오르카페,음식점 > 카페,서울 강서구 마곡중앙로 76,126.827507936999,37.5603949572859,3120118,마곡역(마곡)
지유명차 화곡점,음식점 > 카페 > 전통찻집,서울 강서구 까치산로28길 6,126.85411195400609,37.55355442115979,3110669,화곡보람2차아파트
오가다 서울목동파라곤점,음식점 > 카페 > 전통찻집 > 오가다,서울 양천구 목동서로 155,126.87517684334296,37.52951107803039,3120114,목동신시가지
대운차향,음식점 > 카페 > 전통찻집,서울 양천구 목동중앙서로7가길 38,126.864111790908,37.5335497636631,3120111,목동사거리
차연,음식점 > 카페 > 전통찻집,서울 관악구 호암로26길 71,126.937567586912,37.470299573795,3120158,녹두거리(대학동)
티소트,음식점 > 카페,서울 강서구 강서로12길 15,126.84773054332,37.531724173686,3130219,까치산시장
오설록티하우스 현대백화점 목동점,음식점 > 카페 > 오설록 티하우스,서울 양천구 목동동로 257,126.8749903924984,37.526667320799326,3120113,오목교역
차마시는뜰 (휴업중),음식점 > 카페 > 전통찻집,서울 송파구 동남로 272,127.1364310483756,37.49986964923044,3111038,보인중학교
지유명차 송파점,음식점 > 카페 > 전통찻집,서울 송파구 오금로35길 12,127.12713562184528,37.50417691274213,3111022,석촌중학교(방이육교)
람가헌,음식점 > 카페 > 전통찻집,서울 송파구 위례순환로 478,127.13407831675734,37.4774624915802,3111028,문현중학교(장지역 1번)
청복 보이차,음식점 > 카페 > 전통찻집,서울 송파구 위례광장로 199,127.142787136809,37.4817005434945,3111033,문정동성당
슬기네찻집,음식점 > 카페 > 전통찻집,서울 송파구 성내천로63길 8,127.157499697026,37.4902279023889,3111047,마천1치안센터
유정임보이차,음식점 > 카페 > 전통찻집,서울 관악구 남부순환로248길 68,126.965992559806,37.4731367418585,3130295,인헌시장(원당종합시장)
오가다 대한무역투자진흥공사점,음식점 > 카페 > 전통찻집 > 오가다,서울 서초구 헌릉로 7,127.04405409187451,37.46539013686462,3110942,염곡동 구룡사(포이동성당)
당신의보이차,음식점 > 카페 > 전통찻집,서울 강남구 도곡로11길 10,127.035769609851,37.4915519400015,3110963,역삼월드메르디앙아파트
웰빙찻집 다정다감,음식점 > 카페 > 전통찻집,서울 서초구 청계산로 189,127.05528538210122,37.44834906968367,3110947,청계산입구역 2번(내곡동주민센터)
오가다 서울대치점,음식점 > 카페 > 전통찻집 > 오가다,서울 강남구 역삼로64길 9,127.05309305692876,37.50043628813387,3120211,도성초등학교
예향,음식점 > 카페 > 전통찻집,서울 강남구 테헤란로 124,127.031619337256,37.4987656833544,3120189,강남역
무미다점 바이 이스턴에디션,음식점 > 카페 > 전통찻집,서울 강남구 언주로133길 17,127.033857239577,37.5160643582198,3120196,서울세관
티하우스 절기,음식점 > 카페 > 전통찻집,서울 강남구 봉은사로 306,127.04065273431,37.5090974528202,3120199,경복아파트교차로
선릉마실길,음식점 > 카페 > 전통찻집,서울 강남구 선릉로 530,127.047569922389,37.5069811123957,3120210,선릉역
하모니,음식점 > 카페 > 전통찻집,서울 강남구 봉은사로 123,127.027143520445,37.5055567760198,3120187,신논현역
라오상하이 찻집 논현점,음식점 > 카페,서울 강남구 학동로38길 6,127.034304480806,37.5145577509229,3120196,서울세관
로네펠트티하우스 선릉점,음식점 > 카페,서울 강남구 테헤란로69길 13,127.0522295087066,37.50678092294778,3120210,선릉역
앨리스스튜디오&티카페,음식점 > 카페 > 테마카페,서울 강남구 언주로 641,127.034860703041,37.5139413014008,3120196,서울세관
지유명차 서초점,음식점 > 카페 > 전통찻집,서울 서초구 명달로8길 17,127.00613927801612,37.48181639622053,3110926,신중초등학교
다원식품,"서비스,산업 > 식품 > 음료,주류제조 > 차,커피",서울 서초구 반포대로28길 21-9,127.009344613295,37.4910677383446,3120169,서초역
최찻집,음식점 > 카페,서울 서초구 방배천로16길 18,126.983524546702,37.48194425129847,3110905,방배노인종합복지관(이수중학교)
콰이어트 크림티,음식점 > 카페,서울 송파구 삼전로12길 7,127.09103817476976,37.50644473983687,3111006,석촌고분역 1번
티의수채화,음식점 > 카페,서울 강남구 일원로 53,127.081808615442,37.4892575908143,3110997,대청초등학교
노스티 상일점,음식점 > 카페 > 커피전문점,서울 강동구 상일로7길 11,127.17228215875468,37.54984549413008,3111089,상일여고(상일초등학교)
티테리아 잠실점,음식점 > 카페,서울 송파구 올림픽로35가길 10,127.1021659843824,37.5172098447787,3120227,잠실역
